TF,candidate_group,gremln_dense_rank,genie3_dense_rank,in_gremln_top25,in_genie3_top25,classA_independent_supportive,classA_independent_opposing,classA_independent_positive_unresolved,classB_orthogonal_supportive,classB_orthogonal_opposing,classB_orthogonal_positive,classC_contextual_supportive,classC_contextual_opposing,classC_contextual_positive,n_positive_layers_classA,n_positive_layers_classB,n_positive_layers_classC,n_measured_layers,n_not_measured_layers,strongest_independent_layer,strongest_contextual_layer,evidence_item_ids,independent_molecular_support_for_decision_rule,overall_audit_status
BHLHE40,GENIE3 specific,5,7,False,True,0,0,0,0,0,0,0,0,0,0,0,0,2,0,,,6b0892e6824f1dfd709e4c3fd15677cf66e145f6930537a1ee9c6a49cbf4234d;450e26850699c0d830352f99ef8d97573dd0268ddddae7bcc6e1445214810eea;60dc3665b24a157b764dd6edd589cdea56194a379606346e1289463f1d9dc565;793da9c72c3cb37969d299842e9c174f23b650e47b6c8dd1f2b5a6a64f5fca3e;76772d76f794de702d413a73502e7d73a8095d2da545ec6bd3fe96998e37b9db;d871c918139c0afd93ae54739f5badf567289082fee558fb6e8b7e4671ecf0af;8f39c168a192f4c01be1b56d8d8bfa13842fd082aaa2ae584ff6fadd283e93c3;b010d83435f04eb3cca4d1fe3866d2af5d9f6acf5ded58ec52095266321a5fe6;970e27fc076a40b7fecc3ef3d23ead8895bb568eee55891fe6eee569bd6d2fdf;439d4d66d660460a0b94379dddbc8dcce803504f707faeb53dc23e1744b1aa5c;cd456fbd913f52811f453579624e2952a5a5727453847c1d7bd9aee93d99c361;05b802621b158f6f1856390ebeb567df75397c2e18204c2fab12ae70de2aace8;49d9535e67c002ac23e3085899c45a5081872a54a29e497d038a0c93c678c9c4;4f16908e785fe43d24ae6190ae5485f30965b0a28434d9fc2cdc89110fdc537f;07def1ffafe0e6a37dce45e2a78493b912ab2964342cd6a99e899cf923d88146,False,no_qualifying_signal_in_evaluated_layers
CYCS,GENIE3 specific,5,10,False,True,0,0,0,0,0,0,0,0,0,0,0,0,0,0,,,,False,source_unavailable_not_evaluated_by_08e_pipeline
EGR2,GENIE3 specific,6,1,False,True,0,0,0,0,0,0,0,0,10,0,0,2,2,0,,transcriptomics,96842c24055872d068f862c6af6edffb7e26dfec3997ad8f25c1570d0e3a3ad9;d36ba595b1004f3e1fd4ba173098dfd912444c0876a1d80d48e2f0101172839d;3235a6dc40c15d2b6d9174e13975c2295658370870b5e0454c278c2cd2a58fc3;841f6d88ce27433c8cff19b30da6cd1a6b31c9536d29cfb9fcfa78363a0bee54;bb863a2efc3040aca401b7bb7cea32aca8b00a0619f956de7a69d59b5ad338c7;810e7a1e05ecbc7bd936139efa063fd86dddb6d994e234a20e766dde67f739e3;b3c01ce5b8cc0d67115a8ce6fbdab06384418e99d323001549d65c9b6e761787;150d2bff7575059921fffe21ddfa7d00845c671c9eda5801956c81e93920dcbc;fe4f4cf501a0c4d446c6d6c45e499b46e815e9109aefe8b90ae55abc0bef9461;aadbc0d8cde260db09f79f45e37bb910178088d9e07393fc1ce8177ae16c0929;757e640ab30dbb4acd27073a8dba18d7e345e7cd5e5b7369cb2b334b2925756d;f8171bfa5287b00c009900748893b8984e6c442c01c08207f0f0838d41d63308;9d04a9eefa0ccae0fc5a6593207673dcef7454449b425071c242e0f8d0671ade;651b23aa9c58715bf2f2b1af75b7a14fd922fac9682857cd1278173273954992;235bdb65da1c4d98222d2d933d457e9dcc4341000625451238c53717d816468c,False,contextual_or_orthogonal_only
FOXM1,GENIE3 specific,4,15,False,True,0,0,0,0,0,0,0,0,3,0,0,1,2,0,,tf_activity,5deaa466e98ebb6a300cfab2c09272aa6eea61167eb4dfbc1cc8e1587cf5a91e;e3ddeffc63ea6e21e9c4f0f45e2c4a1b53496819e604389ec5c7ddb4bc9a121f;81f9bec1c08ce62c60c5c77f3ac5ffa02da3c40f99d0d4370e766850517a79d5;0295796da13bbee719b3d88449f56adf6c44a5422f5c08118387a1a62506c567;db44018addc54246af1f7f292c365ffc4605f0a3c69f3fd7f0642aba81e06864;2755695f75b60456050b10f5b6539687b5145b54fb077b13fb87c5e581fef103;742335ea085956803d7b5e0442eee2df17b2c4635ac4c4f20a93d3f2309d0f69;6c48db17a5ddd7743ba27843e0d58e28a7bb6ac4a368ca1462110421ddf10107;311e91a034921792de8baf18a7cefb98707d08897136f7856c9af699bb24eb56;79c15f847828c068f13057c81f13c81b2bfc393b7a5d21be6634194c8a19898f;0df831d8020ddfc60aec104f5b7d610045bc9bd6b6f970c29d689a67d33fa57d;e8def27fb691c8f8340f45a6732316bffb1b9e2554b28ad1f6ce86e7297301f6;399994cf9d5a40a7c66bc6dad16374ed1358d7425dbee7477d8fa6f791ff3758;3e79b046ded8caabaf43a6392138b18386d195704f64a9b40ae1b2276d76df72;2be18340361e3bedba7f43f1cf6007fe3176af65de135847ccae99c06f75e71a,False,contextual_or_orthogonal_only
FOXP1,GENIE3 specific,5,3,False,True,0,0,0,0,0,0,0,0,0,0,0,0,0,0,,,,False,source_unavailable_not_evaluated_by_08e_pipeline
GAR1,GENIE3 specific,4,12,False,True,0,0,0,0,0,0,0,0,0,0,0,0,0,0,,,,False,source_unavailable_not_evaluated_by_08e_pipeline
GTF2A2,GENIE3 specific,4,22,False,True,0,0,0,0,0,0,0,0,0,0,0,0,0,0,,,,False,source_unavailable_not_evaluated_by_08e_pipeline
HIVEP3,GENIE3 specific,6,4,False,True,0,0,0,0,0,0,0,0,9,0,0,2,2,0,,transcriptomics,77f6b4435b07325ae8f52542191edb23ca2c3554c46418967b60457ece9ad2a1;0e6465bab8b19cae139d1f90acd89c1b7cf1ec53757aa221a4ad26b2f7fdede0;349b1c0b03bcc7e4918c953f4441b6fb00b9928cedfec6d7ecea0c8ce5731223;bc9528047d3d75dc126aa7bc496b77585384ad52b20ccda14f429ac275c850d9;b7a48b090b7aac1357d2de3bb2c3d09b109e87989a5803ea37ba98daf5d64478;1e3f27d878c878f2365b9fdd6d286a80588b8f5fad0826384ab4ab53d5004812;1e3e8f7d03de964717b344c8d9698cd3a65d40ede9f85f64b7948348ea20a4d0;9f85f7da0fc1e5f86eb381d3d9c4b6d2c6dcc03a395e0d81d3f32390b99876bc;a631724101dbbe02ab662258ae31f3bee69c6396144a2a8d28dbc46f77b7893e;74f746b2d2f234459bbff3d3b683b0009b0ee9c840ea60f7e2fc40d13867dee4;57bea95ea78742206b58aacf66e70e9846a3948e74a8f8d229223a1a9f0fc8d0;81dd6633f5a0a0ed815e5340c933153c3189fc021ed6fa09f09c1450d204b79f;052a7f84d066f5902b6d16b8570e7ce07a8057e70fb26a673af3439f1aa1e271;d5fb959e749aa70373c34ed142efeb98443ecd3da5760a646d16ae3fbbb5b0e8;224581f70556c9a9c6e38de7848f5c8b2631c2d1c4888ddd494c041887ceb379,False,contextual_or_orthogonal_only
ID2,GENIE3 specific,6,19,False,True,0,0,0,0,0,0,0,0,3,0,0,2,2,0,,transcriptomics,455f2ab9d99a89901d0eee0e88b09f3247e73e0230c2f2457bd2c6a82873bfa4;812d7ca3fc7156c33fae8a6eb31d056301044e03983f5ea29fb98876a3bfb275;706969e53119f4d1561707eeafba77124f5b33f61ae20a4b53e7bb9623e4fa25;c694478e7c2e961b3422b1037fdbf0cd93d94fe0b882db3042e5eeddd0355e33;98568684330b9a19b07780befe44c0980d02144d34226cd41fd841c2ae0913fa;d5edeec052eaf368a61b87e072c5f9c59745c4b9b3d92e53836ab67f04bb4aea;92aa37d0181665a5f90ac41071506f6fda059a9ecb46929fa1edf67a1dfa2e48;3295e5b0163ba04be22d3e0009492c8e38decdbb3c6fc161f6c4606c823f0c99;defc1dd5e33a3f52e9e3f55f3c7d6711e514d846248bd853b3e4abd4e01e2571;64974205e1d89b13992e9a6da84e485f849dc656d17b54921373db24cc80095f;b3637cd416bbbc53161ef64db785ea9a460f7f698121aa7d29bbd0e831988f73;5299f25a8b737d89017d65e51fe3d4c09572c0313874da54ab1ecc0b19150395;3219f9b89861df5816fde5023defdb82d0aa6d93945daecca2cfddd630fdd348;81a6d8cb44c02602ddcf68968f5392f6a495910eeeaaab4eba66a12ca9875372;b429f1e79821a14198a6a6b9b6de8e4b588cc27fd64e18d881b1db14a8b3dc24,False,contextual_or_orthogonal_only
MAF,GENIE3 specific,7,24,False,True,0,0,0,0,0,0,0,0,0,0,0,0,2,1,,,16eca74d0649a637fbc4a0f477e27c1d09697c47ec97f77b54dbf8638c434137;13cf0d40727652d0c582486fb6fae46a3853f6ae53477bda0aa1c52f9233a72e;9aab4c96a557a6b8afad410aaf58b08cf0f3d5477c9b29310038ef2892b719fa;4740a0c7658ff0f27b02bbba8d09e5a01a14a6a92724dc67d46cd079b99ee565;8a2a060397077f741f8ab4902805f2f005f9fdab560b80138a5e8a6bf073f82b;c764612a7eb2596738e2674f76b5b24e5037b6e4fcce874ed9040d10781da2b2;9cb3a3e9548c836d6fd39e3e9bacf85b09da9dbbd76dde60dac8a05bcac30083;fe8cb113fcec3b867edd92f920eb23c6074e5169fc9a65dbd23c2bf8f6998dd8;c08a362814d9b7f02e66131ec5dd9c8bbfdb29157d54deebfd3e5f00a050b6c6;2a0cf886753caf31da8fe005243da01cfd16ab3a3505c4bb47e61ea9ce180d7e;5731dab5123185c354cecbd3c87bc059ec042969edd5e15c9b91284c3d34840b;8b64ebdc4d95b5d3ef4fff809e7edf33cdf776a1fb3bbb44fc7e5bf216585caf;0033371384316df6537e109ea91716f2a2fde90c883850487adca5ed019f79d7;dc1f9d6c057273570fd192777d901a78c91da7ada2e5afe4d65805c2cb6c514b;f32109453e21cc759d91a04f91125fdf31d89bb9fd5e5aee21ba2237bf7fb912,False,no_qualifying_signal_in_evaluated_layers
MDM2,GENIE3 specific,7,11,False,True,0,0,0,0,0,0,0,0,0,0,0,0,1,0,,,4b6ee73e927428f79e8a6ba27cfcfc14581e9fcd9dae8c85bfa6fdee967be6c9;4c62f37abf62462a595c7ed3107403ce8e63137eae29bdb63ad4f11711c2bda1;6abad1e46bcc9d7afd8855e0381bc6c962f68af4270f4fe601dad5f7e440a05d;0f7f8cb1f74b1a4f6eaa3e89a922be774c3b38de1d0f84731168cbc8eec7dca3;d89587122a4c752a5aa81589a5a98d14e0dd9bf3f7dd5095bd8a3b5c0c2a46e3;262bdf5ff8cd92ec37fa4c7db30f65fc474d9c4bfd19edca58af69aa4298d27d,False,no_qualifying_signal_in_evaluated_layers
MYC,GENIE3 specific,4,13,False,True,0,0,3,0,0,0,0,0,6,1,0,2,5,0,phosphoproteomics,tf_activity,d352805ae85c376bc9a3ab0b301034752223e61de6264353b8bbb2b1d41268eb;0838d3451b8d1ce03a2c4ae6d411128daf37b1f56628db06dc7058ec8d1cbc9f;dd72f74072ce4b7c9cd858ff738f110e71ae56d24db209a8fce3afe79aa5c462;68a1ee534a50ecca7692041745c8b125b5bb0cd10f0d7619d6d0384044fda5c3;8581626e27e39e5cad3ac37db7a9dd852623f041b98936ac19ae85b554b583e2;ea91cae82606050dc86b474a3d62a9a9b6024bad79a2c535844a244819bf6c6f;4e8759cb76f0fd98606cd91517c4522d714f4d747d6733eaea70a39332aae690;3a7c7e95a221e4abb71e8c83c48e1ca52727c409e57d1509cbb5bdf23fe4b27d;38b1f21062e2548c60876fec33b914c232c5c0cb7f98b8c59d86474e0fbdfb08;3c67d502e6f25cad0f08ad3c5c83026c07a8a889bc1cf921edb1e8faa8759f14;be78b36d2124dc1e16e43a3b0d290fe36f2409942597c0ded22e67e79753797a;5a5226f2a903f2c7538ed4e05e034f0f3089d608330e27de6f1288772abfdd7b;0cbee20b34db86ea5d316350cee872a157d1c7d9dd51ec52d21c2a4190a5b967;286cb8ae865c0c5d4fb1539c3adeac64e5a19df83675a8b9e81fcc74a7ce2ee4;dd31a1416df17e75c57d85c3c8fe5794df44ab5645e5103663de08d90e534466;3da80091f2c9a095bce4b8f04d84463c3a436cd5b0d8713374768aeca11f16f5;b3de115cfb027a647023a9d3b3633720ae75db52ac7ef96ee1d49821a575522d;e7de29c6c0f3409bbd5f9ac8559030872d4e2074eaa56a8f9b798afa0e9d1ba3;502654f48f5e1fe6d51304671748eddc256af7fb7588e8bd6b0dd37af9e854df;bb72b8879195363a7da842fab49d1bc26dae361991eb555dc8647b70b03f431f;0e5f0ec0a4582cb60dbdc195892ffeec13ff8321cb003b59e61038b968d064ae;78ec28ce6817e3a18b73fd69a315532eec9841ed9396043849adae161760fba8;ddf5123a8d956755849557b359716c77ad64decb36d1f8b818a8bf64cc85a917;6b0055efc37df29beba96b047170edff9e609ece62aeedd98bbe460ba0c2b949;abdb40ca310b50a8f5c240e5a7929382b268bfdd7984166bff8bd1dcb82fb393;a8f296962c6630df7cc2855aade33d4a33fd385c019d455bb436f57a19a477d6;9a2ac3c048b7d27c2cbf9895e18d3e56d292e1486eab1592f5d5937a4b14f5c9;45b6cafb74a8d14b41bf3883053d594c8483dff2b752447cbdce790cdaf5d646;96cc54914f806d2793afafca227ab6ee58d99d13282c3e70aa2aa665cac15992;296d094652d1dfadba36c9faa5f99695c3bd6e465ce9e9c289a9d2d48c921236;17c0292afa7db103cc9604f2f97df6c2932720c1f61f8f41b2f6b66ca3349960;f5ae508fda9c672b5cfe5840abdaf45805273598102613c53c5690bd65f50d87;1316b6aeb5e56881f26777c1cab6ee0239c5c3bb7630a53c9ee8b3f281072912;f2e975bfdbb9189d6de6cfde70067514bbe3029694ce9234698a6d992877d4f4;57de4f9529fbe1d5037c1014ee2ba24d629eefd7f6e56cb9b0ce3c18bc6df84c;db9e1f7d69d3ddd8f3cbacc42790489d3ff1445a52b944866e8e060924ab161c;e6f551c5088c343b1ade7a98666b59eaa536b5aa3c4804513430382a9b7d65cb;2e483f2b206e47e37881d8d6aa5cca1cd9c47752347c519a7c81812371969ad7;7c7cb767fbea329df31a0295a123607ad28d71c325070d5f8485961a4a491fbb;dee3f5f7b81144a6745a39d72ae116862f666f6a4b11fc60c827d777bfd278b5;bcad3007513931ca71dcc16fc6b145b3214552d0716b102c9b219d520e318449;2dd2f16590decd909ce87bf3a7a61afda31ff953076a1d3bc537a9f8ccacefc7;c04945ff8ec3d76e63f2f98b889a919d865952f4eefb41471f1cac7ad8936113;33b822ef12647272dfb17b5c994a3c02145c06610c5107b2da2fe392a2819854;01b573f6875b4affaa6a8e08060e90edc7022e7b60f72f9a1f1ae2e7aee634b9;bdc3bbb8a64697af2781f3a9e4d759ed707bf39b075da67c5ff51f0581f88bf9;76786a2037f9e808d375a574d00997d813434ef6ccbf740981bf9d0c86920c60;1ff9b21999532adb56d67a45a10b475af8ac0bb4a250592224982a3df09dd4d4,False,independent_molecular_signal_present_direction_unresolved
NR4A2,GENIE3 specific,4,17,False,True,0,0,0,0,0,0,0,0,0,0,0,0,0,0,,,,False,source_unavailable_not_evaluated_by_08e_pipeline
SMAP2,GENIE3 specific,4,16,False,True,0,0,0,0,0,0,0,0,0,0,0,0,0,0,,,,False,source_unavailable_not_evaluated_by_08e_pipeline
STAT5B,GENIE3 specific,8,20,False,True,0,0,0,0,0,0,0,0,0,0,0,0,0,0,,,,False,source_unavailable_not_evaluated_by_08e_pipeline
TGIF1,GENIE3 specific,5,23,False,True,0,0,0,0,0,0,0,0,2,0,0,1,2,0,,tf_activity,d03fa8829ed1c7731eb76626bc408a6b82a65eb1653c59f11d894fa0c76dc4e2;6720c9b67ad6104c08240e5efe9eb66d01a94c103b18617eef0fe1e40134db78;d39629ef349e6d789a46ae2636eeee085020aa159c7bfde6ad7b6ef1e4560dcb;32aa3eb2be305c853cf9557d0351bfc4e649d804dcbb9ea994869621dd9f62e0;aaca120b2ce3b719a3d96dd0b7d6070500cbfe7e5a67bc0f4e319453010619d0;9c2f5d1595004eaf0a0f64a65310a9e2e7a11ba7b372b6a37305192adc48d113;5f2f21283a3711b6cc95a37c43d82fac7b5e1e0a1c1ddd185d831dc7e60ad85b;f50ff0211b1323b337f5d973c6687192412d7f135069f5b96ee1e80b8a2ffed7;c95a6b13e4dfc74b922d7e2e780aa3942d1be63128f9f7a628360f8d57a5ad1a;e9b8392c47916ed7052dc4712ea95bbd993801c1a8cda3ca685b3b873f3ae993;e3bf4e745d54c0d82a0d4064eece11733ce0210a2eaedd818041662a12ef1498;6e2fdce3ad2eee4492ab79da0e6499c969b830159511b762b2473cc6b99a5274;3dd91afbe0c0799f3d15fb943a72923a996ecc7e7d739da774c5182a28bbbd13;f115fdac4fe0531f79cb967d9ab614b36b9def9f0e7fe2c1de4aaa83faaeb821;ae288d91a30f701f66773cd277b11347f343bcadf218fc11b14f4afe39bcb158,False,contextual_or_orthogonal_only
TRAF4,GENIE3 specific,6,21,False,True,0,0,0,0,0,0,0,0,0,0,0,0,1,0,,,afa63994524174b7a4f5a4343dd105c481016c7d5f61ef3fc9ed64bc8f107faa;e8ba7b24b79bedec27801b8be6e4d22cf546f52d1bf88fedf72329f60f1bc43c;20e6b00a5a532c0639430b41a746ea8d2d499c580ff2a181ae66d94da5937ec4;d0ec537ff7d6fc1d735603bc2c0b452563feb0fffeadb774f78cd7cb4257e10b;42d7b7759f9847f133e302a870990cb982d50a4ecf043a2438a5d6f5e1d28a5b;8d582385624b4427fb142673280875bced8a2dfc5f710c8f14ae5d5791d0a2ec,False,no_qualifying_signal_in_evaluated_layers
ZEB2,GENIE3 specific,6,14,False,True,0,0,0,0,0,0,0,0,0,0,0,0,2,1,,,165b3ac12977123e517dd6a0add70088e0df01b730cc8dbf8aa222ac8b42887f;85f1d32faacf545dc47daaeae07c8c9c4847bc2edc13a9137afb3a8391a943a5;a82eb78b949a040bb3ae30f0e6f0e2edea2506ed455ef3e90ed2b1aed9d011a0;6a3b14466169bcfa5081859f555ffe2a37491aaa5b0689c493a51f42a11153f9;d3d152b577c538e6c9c4a3df5febab1014263bff183cc867d096bf5cdd8090f1;77d8b861c4c8623d601d50a47abf131cdc141c3b3287c7508f6ccc80dde80afc;2a33c424445fde415450fe919123742617b3c645c54b822c24011408c270f9a2;e096d43e1af8d11be26077d635e71f7fec42cb824da925cad47b584fea54431c;d82958feddff54857bbbac1c90d2019825bf9758656133f6568c1e51e1af9099;3a988e4d88e17b965790603145f869db8b5c9474852e268f8f43e9619f14e45d;6b9c93300d72df244b5edd11edf394ebcfab175f1249a3341e8fc3f8f1f2af31;5bfec15df65e460b4212f25844f333e89aef95b7e7fbd17043c201cd9e948676;5914dd23ec59c572372636954561b83328482ff530ba3c8f3315210bb65909f6;e35a6ad0e458fe096e0b6f834c496931de8a87b2e7bab3fe49785c454ab5ec6c;3ab5a176f009505413225d50d15a4f56707c762009a20bd409bade4d95d6577c,False,no_qualifying_signal_in_evaluated_layers
AHR,GREmLN specific,2,43,True,False,0,0,0,0,0,0,0,0,2,0,0,1,1,0,,tf_activity,bd69b33466af165bb182aa656a4734e03b69477149c5bcaed7116d4ce3199363;06f2da9503bb81d004f35c0e8ea6e42686eeb4d94ffde4e6eae50f4e1eb71303;b86f112440c551f6889a59e2c6e870e75d2c985cc163504172eaed066da81c3c;391ca6594fb88e4e34873fc91ac6165b5d39cf90340ca5f5700a331943e18ce3;f1db7d595e8f420b5b2125e8d050a4417d78ac6a22203aa09471130df9aa7945;20c8743eb7c82fc797b719c7f1b8292a77ffc3c89e590e769a9f0fa86aea98c0;9a146ecd1c51df87d220a40667f7182d8a599704adaf34d8f9bcd17500e0d87a;1db10b1ff00e0e5b062e5a218d75a0ab7b1fd93ecd2185f7c7eb19b0cf12b201;e396e72e3add8aa3e3b406ead7baef28ea97ebb83b9daa2e2be51f31105837c1,False,contextual_or_orthogonal_only
BCL3,GREmLN specific,3,30,True,False,0,0,0,0,0,0,0,0,2,0,0,1,2,1,,tf_activity,b7c8eefaa36158c099c0fba672bcdf57785ee22c332d694e2e5fc141d4104e00;71c3a8661494171dc22ac8285c7fcd4cdb0c539dd9ab136511e081b82f7f25f1;6b08e83ca41392565149f2dc1bb43a677854bfbe72e9e2ef333463f04f595d1c;4f3d5aa0732b7588a28a3476ce66a7adce7de5e0850d211c27c0e443a26bca3f;5e4cfc8972f7e2771dcd205d1c2f440b2dac5c80695ddd1da9b373faa25be301;f1052a8234850b6d98b6407da419ed58166bad81368259ec9b31f9c8140ff1bf;5b66dbcc4fccc902a000238e52406da75238ee52b203b9c49c6374f5739b343b;323431e58e35b0fe82e5684c0f1a73fecd9c4aa85e674a0544574bdce591dbc4;9192efe3f27c1e8f0e325eb30056c8742ac1f24726dd79c1615cfdc2e153aeab;b68911a3b721e942b26d4678c5621bad2d7cad89b457a2268fbea621fe8a0522;2c0da9b54dc10a78b754ab4a2a3e60d236285e1e060d2ab674a76d6f1bdce15e;238a8b7ea92e660d9757848bd81e5e902a6ea2b84ebba387ae8527ac751e2d25;f8c4cba5abd8f909f94e0e962b95f65c35a8fcd9ef24dfd44638feea32823f57;c04ff9595f3a2d218c21cb3b8894201eb593c267c1b00febaa58a34062dd5939;5d881655e35253547ba86b8bdd894e138071ed75cc08b6c46677971995de8c6b,False,contextual_or_orthogonal_only
EZH2,GREmLN specific,1,31,True,False,0,0,0,0,0,0,0,0,0,0,0,0,0,0,,,,False,source_unavailable_not_evaluated_by_08e_pipeline
GTF3C2,GREmLN specific,3,175,True,False,0,0,0,0,0,0,0,0,0,0,0,0,0,0,,,,False,source_unavailable_not_evaluated_by_08e_pipeline
HIRIP3,GREmLN specific,2,112,True,False,0,0,0,0,0,0,0,0,0,0,0,0,0,0,,,,False,source_unavailable_not_evaluated_by_08e_pipeline
HMGN3,GREmLN specific,2,163,True,False,0,0,0,0,0,0,0,0,0,0,0,0,0,0,,,,False,source_unavailable_not_evaluated_by_08e_pipeline
KIF22,GREmLN specific,1,45,True,False,0,0,0,0,0,0,0,0,0,0,0,0,2,0,,,0985a37ca7dd4ebda516921cab74b774df60f44f8cf74d4c5df28d229251a277;9cbb0a0ffdc621d8fcc315f8cdb1ab50c4d2fa9936d4a1f5bc0ebda65c06ab08;45fb646f33c08be5016a80fc5fbcd2860be79fa86dbc5818c1117911b5c90607;6ec8287e9e3846f6c316adfc1080ae4ee6a59b4b8dc721a5b5cf84980883c281;5afb34c9322839547e1f2f862a9ee19df0d1690677bf35934fa6888b07221de3;01f04059ec292ff62f8bd1cce5f1b4179ecfdcecea1863b79d8bdd12a2c0350b;78abb112a48c70e7d895a47b1dfed7549689db16013303aafb02fcc00eebb07c;54f843799b2cfd93f01c97d094bfba6be6287b8eadf24e5c4ace12d54b5bc218;6fcbc07a2e60af65611d3b7d10f25c182f3239329054cb37d31be965ebad208b;4a7fad00208d213043949488fe0c1abb0f5b051d047aa6e244bf8aecadb41ae9,False,no_qualifying_signal_in_evaluated_layers
MLX,GREmLN specific,2,121,True,False,0,0,0,0,0,0,0,0,0,0,0,0,0,0,,,,False,source_unavailable_not_evaluated_by_08e_pipeline
MSC,GREmLN specific,3,46,True,False,0,0,0,0,0,0,0,0,0,0,0,0,1,0,,,d02bd034dcee3c71ff7dd273fef2cf50670d285a1c768d68b79d2b93147a8758;825422522ac3a7dd81c7093c0d5b9aef8f94e5c8848df3dfe9f606ee6fe5761f;95107e3d821e3fc2579ad7e9ea77302b82d34c4753dcaf5c552b8710175290bb;7928adb537012c0c75b0c985217f5eb2afe9acf16cedcc041d5d1b1d8beeaef5;b7c7822af30591d4bfb0d060cbed173c6a726ac5401be834845d6ca17b0c3eef;e7bf5823285f30cec529df550a612c9663981564088dd128a4e7ea2327cb1277;8839f8e11ab742e46854f0b295214a31d5e3896e962c411a4742080ae0a28750;4db6bd4cfafa59853190e30e301b7a5685604f332c547bc211f45ecc33efe3eb;932a0602b58cd74120372166e13ecc6221be8b81cf75fc0a7b9d02f34fd6aeaa,False,no_qualifying_signal_in_evaluated_layers
NFIL3,GREmLN specific,2,60,True,False,0,0,0,0,0,0,0,0,4,0,0,1,2,0,,tf_activity,3790ee98b05b36a871c874e5ff20a381b17b588f3c45dd13a19f7f02c14a76a3;b493fecb329b7f70aacdcb0f3ba6211c9487ffaa323c6359e746af82a10e9522;34aea3d1a44d1a79849d7c7b5927977ea77d8cd3aa931bc0f2a993dfea324f74;b93ed056ebf140629dd5042483d874701e6e59a4e2ff65ea7c0f30792d9f5ae1;5e8ef24da0d7a5dea3286e94e700e87e8ff87bc429a6e12649fec0098901fcad;5c315c97014d3991558f94dcbe241c6b5f0619c4e6376ef8e2023a5e9158f9e6;82ee91b27bc68663da8e1495d9ae4547973a0ce0350f977d0872ee24e12917d3;a1744b894a1ac00fa97d2f6827b29d6cdc36bb70a45b517e1647aeec95c93d0c;84367249a48e5432cea63e4c7f6c8d91eb925ef220725fb0439be8a391860d8f;b53ed5be4ea8516be6ee0b1ececd5f7341081830fe5c30d1c6ff71d9bdf79d64;f03d367b4ba750872f17c7073e521fe7d8edbe5335bdcfc9f7984fff5e1797f2;2d6dcf02526de03217ef559236c49410e368015abb5513576108f3ef6e53a254;525b7e00b6b4c93cc2cc819b0dd6d126983664cff27126a67a51c8a47d89c742;5699bcf7dd822774c33761f5f65de87a8ba5cb4e1f629eb82ecb760a34940568;efa8d3c0cd201fca6c24c072044802dc93f556f2a527acb1e74aff76d1372cc5,False,contextual_or_orthogonal_only
RBPJ,GREmLN specific,2,37,True,False,0,0,0,0,0,0,0,0,4,0,0,1,3,0,,tf_activity,4a9562f7c482d5928eab42d54cea43517b732019c083b2e31c10869d49bc238a;4698307411223de2a483ebcab60226b8b260962c459d4c2e077845ea2f7bf8e2;680811bdf175f906806e56d6a3129035210da1ddc484d6899d0b0f37c32b8631;355d5c4043fc2cd04cbf2e7603798ec42caa2d43fadd567692f9113269bd1181;527c92ad779ad411cf31298e5c8816ace72522474df0c7616b7c744a13e51f7c;064f90efb4c9a252168ba6dd198f0a28a16dfebf43eaf738d51202ba12149751;eb61eb844e49f47c9eeae2536eabf88fd7842df7723703f6e45c4236750d5336;ed77d95fdafe2559be1a9587ff8d707d54a180cf1e7a3cac0182c2d7fbb10de0;d37dc842dce3f649e1a1379dd0b7945b43b5214168b42855e1b26c9280747f0e;71b883944692e09a73b46171578069b4532ef98ffdde4449078ca7cfe8db74b6;c453517a4851bcaee72bb7d017cf828c3ca0e847bea5ca25ff7b3bcfa1347960;9f8c5928e0ed7158f3839ac0b3f31f9b3bc6b422d1cfabf594446b925c87e296;0a3051de945d71dcf80c4c6d3b815c6fd3d45ad4b30721db026c8f61a87fd574;c25ac28c29766fd607d4b0b2cdb6e6ec5fe67ad2118bc2b01e95e3e2972bcfc1;d1ce1e352adf399f8cfe6aa1da43f978b3a15ded8b6f3e055c0b8f9ebf511aa7;0b1496b142cdfa0c4ec57402dd3a5f457bbe8e5d3db08d3e806312df8b5e36c7;8c7104b28ed4803a854512d9018660c2d989dc002980c677c6d5bf47a6e26102;5c0cc3f451698a3bc2cf7751ef1a98e78d4d22fe09a4a265dfd7607bbf031657;5da56b9d4d7917311b5d7606f525c11383e02e44d31df297a2c16d73c7e92b8e,False,contextual_or_orthogonal_only
SNAPC4,GREmLN specific,2,154,True,False,0,0,0,0,0,0,0,0,0,0,0,0,0,0,,,,False,source_unavailable_not_evaluated_by_08e_pipeline
SRP9,GREmLN specific,3,175,True,False,0,0,0,0,0,0,0,0,0,0,0,0,0,0,,,,False,source_unavailable_not_evaluated_by_08e_pipeline
STAT4,GREmLN specific,2,111,True,False,0,0,0,0,0,0,0,0,1,0,0,1,2,0,,tf_activity,813afca560f77fa2a03d52cf79e65aad5f8270f42c62f52584f79d62daecfc08;757043ca5926879a875c15f0e705813824c08fc3d8ee62fb880f532225bca019;95e9def8f0dd6713f61c204d73e2949dd255640e6722a475df1b221cb621e0e3;f2611ce70451f0dd206e5c3a49851822146500a29bd69f33642c84e9124a0823;794e747365e28e8b7d9a8d9aa15f765eb3decab87cd99f96a3ce8bd9a1c79895;dd8717e531147c54f9d63cbef712c64d8fad431392d8127c252faf025fe7b145;220530613be267598f4c16204bfcce3c2f74bd8336064fef84f632e853772884;4e46f78a30f0a78ed6fc5202dd4ffa7cb01f5ff838a950a6b39248558742c713;b401ffe4ebeb15681e82a111ecef450d395219fcb8415514b28e8248c062f40c;696499b1c08bea94a0e1735cbceb6c18b911d3330d527da85447191901b23973;200024fbbb80a1e3cfaaa0f54f76b17b5c39e4e1fe150b81828c276ef42fd072;ca2ce3bbca0678ba7968198ec15a0807a1a30b9ffa4a3788bc7f73a22e1a2e8b;b592f0db65ae4258acd046b2b0145e2da6168e0878012f852499d96caa2c0750;75b5ebd87a903d47ea562b7c69d53b36bb8fb4312b77b8b3aafbf684b9a1a5a2;640b7be31d1f9d2ad6540477c679be8c1fd648635a7d8c74bf3dff9c8e8ba2fc,False,contextual_or_orthogonal_only
STAU2,GREmLN specific,2,47,True,False,0,0,0,0,0,0,0,0,0,0,0,0,0,0,,,,False,source_unavailable_not_evaluated_by_08e_pipeline
TFDP1,GREmLN specific,3,38,True,False,0,0,0,0,0,0,0,0,0,0,0,0,0,0,,,,False,source_unavailable_not_evaluated_by_08e_pipeline
ZNF121,GREmLN specific,3,175,True,False,0,0,0,0,0,0,0,0,0,0,0,0,0,0,,,,False,source_unavailable_not_evaluated_by_08e_pipeline
ZNF706,GREmLN specific,3,167,True,False,0,0,0,0,0,0,0,0,0,0,0,0,0,0,,,,False,source_unavailable_not_evaluated_by_08e_pipeline
CREM,shared,2,18,True,True,0,0,0,0,0,0,0,0,3,0,0,2,3,0,,tf_activity,b2d14b705c678ce68f5d9cc59552b158c4ef6d6384bb60d71b894cc49796c9a7;fd8be17582f48c49cf532fc52e79d025f739ed1c3bf68517c6233570de94bf55;9bd1a84c0ce737b6c38b5df38f1dd06c6688c42512043f2349dc9983ae736762;107114fd1f0dc4abea01dbee14d42dbfb0cc7ea40f5fee9adf5a5f9a1e547fda;8484fa1cd75398d68cd2d3c6e79e7466c793ec5234595508a11c63892779196e;dff03850ecbb081e75e4e934cb8a91489dcb245a625b37eb547a32b631a39729;08465c48c7e432e7b3091867c513e70ae0c896a1115f0c08ed6e7ffc89a5a671;edfe05444fad8eb52483c2ab11d5ab18e3a7455d65ec26ea146efae8fd5f81e1;9db6d0f9ef8d59f2dacafd1b02e74e7ec81b0eb2257e721b5a503d19f5db41d7;39f323b4596fb44daf15b522a6a55401fd1cabf6d79f0e5105a6e717ba5ebcfa;974e2a0eac6de6cb35fbe0804effde83ec16bc739cd5570e0d9e3ddab1d8f5c2;d13e19da390360d6b026cad8a3d48e0fa7d6b499e8f620b9c8eece058e4be815;dcb69c3fa37fcca4266a15369851ff200ab25587ab5df01ed62dc730731c749d;a9b511602e43988d283ffaebb0b740991e794a4dabf1bb6cf04d7bbfcb6806c8;4302da0adc0bed5c5dce2cf7b25e153efb7685beb65634f4be0344361708f4ba;90139596da5ae6e31aa3da7ba4aab02ea789bd0fcbb996cc6538f6c849a11eb2,False,contextual_or_orthogonal_only
IRF8,shared,3,5,True,True,0,0,0,0,0,0,0,0,3,0,0,1,2,0,,tf_activity,f9e7f7ca5604c558e66185b7d81be39cd3817b6b744a521afaed54f1a62eef60;d3ab42fe1ee47cf59fbbfc815942386e79ee987d4359801ea2209bff3182c6f9;b7ffa39a53992aabf8eb7686884e6d8f27f76c37fc79b1119a7c77e9a4183b53;016e0c37c747246d4b2d5ed7dabe3aa60856be3b66121853cafe1b668fbf5098;d54e4b4df337729141fe0eabed8628deed759dabba1e3699339818dd1314fe9c;6382de131dc111e58d3cc5b7da1e6715a2d5987fefe7e34739702e084cd3cdd3;3f981691c392f7fa3de961befbb46c1abe013d81088109bbff8e84903a916642;fb4b5aec980dbc3760ef90f31a0e37e885d507c3ff60add9c50ca719e8009533;05d6706fe5beadffdffcd204993608da6c6ec98dae78c33b95810be5d1e1e06e;f5dc08088d65a8656369aada5828916309f9a31424a0cd8a43bc503cd2baeabb;7d1ab736b06c1e8cd2d02e34e59f1354654bdc9313730a2b7c97487687557f09;439ed34237cb8955a64fff20ee3cda7add818ecfeb51de78c06e76626264e827;b67250198c9a661c247e89494019f228408989896b676edf96ab1d9e9fb08d11;ce215dc3519b2c51c3011a6d73175e56074d4c78fe8f837bc61c0e6ef0cbd535;eb8a5c073d10a180bf76870a44566a9cd352bec4ee060c4b822820b4270a7bb3,False,contextual_or_orthogonal_only
JUNB,shared,3,2,True,True,0,0,0,0,0,0,0,0,9,0,0,2,2,0,,transcriptomics,3cdc43a0626c1be0d7e42b99b84e870e9bd4b8319fda3e0d8654e4503a7c5184;605002f9fd9d9cb8f85e748f9aa8d05b98effbad7bc3106345f01b604f63dd80;3db333e2f852593eac5ee30b1b374881206e9bda573b52682cb34d9560a30f5d;d61bc338bd963a4cd4b1cff8ec24acb1ab677bf962ae7375e330425530b33aca;33ba57b98ee0b9b8a924268410f5d1bb9cd636e325671c2a33abb4328f48a2ba;3a1675a42323beb2b1a3fa479a15303e9653b34574667b67b6acfdc2a88e21e8;f274444287bc6d62f84e9fe005e800f9a1d1f6308cb5f9d431e0e2c68d51ad5c;3c326042a62752d1dccab09f038a0f500b86b2902bbf7c13b3971d1cd9b78ac4;08cd4a57dece799fd213842310ee0ae88c7204111efad50c9a35e3c142a6bd4b;dcdeff10847608ad15de3b2ef489153121c2ac5d82da1ce761189e8a59f89955;e294bf276f2f1c03f0ed0a5f071e4e840a0105f1b76c66d0bcfef6194a67b2b8;31b121a64d8e221f4e08234adc62fafda9f8bf9fd84917b3148882d07f63f208;d61b8bd7786475ba777b5d48f720786baf248e81403d991c338175f0cbc423a7;ea34c2ae3a5ca8a12c558fcdd0dbbf2fafd7098fe8ac1b96dbc762a544b4e966;9054aa5ece21c043386c3700ff41e19cd2b7eca6af5687d6abecc5de2120773f,False,contextual_or_orthogonal_only
PLAGL2,shared,3,8,True,True,0,0,0,0,0,0,0,0,0,0,0,0,0,0,,,,False,source_unavailable_not_evaluated_by_08e_pipeline
PRDM1,shared,3,25,True,True,0,0,0,0,0,0,0,0,5,0,0,2,2,0,,transcriptomics,9daeacc100512d9b941b395a0f1067a86378fcd8eb8b81b136c8545e8de36e22;ec48846b24b0266375f30652cd262975ec94c18eb736d4b006d0d089d8491702;cf435bdbfdd96d9a45de1b7cc116f3379e2b65781a6e99a2528e20556a40067a;8303bcb55f6e5981b3321ea431f809d2a6d6993328a954fcaef2f6dfa8e26566;b739579b7bb2972164f14ba111057c0048b9b931919effddfbce42a611518d0e;7fa7d6d65938fa334c177d55d621cba131e14cc5e027c27d9135f2186be1949c;bc6bff7cb084137f2026b22fd3b43aee830474043123dc4c369acff2d4c01ae9;bc6f6d7a7d2599f70a1b95895379c33f9408796699e58aac8f1ad06165d26c75;fc37368efbca3658e192713e12a7985c6fd4adcb133a8a171a363702350ffa6c;7cf202accb606dcd5c4c78d85ae1dd8a069490aaaa02b57be5a5a23b94eb1986;88e615b08d22fdfc6ac5e0359c29b91270c3e1dd626628686581509273fb5bc4;2ab280ab01f6eb09a57ffe3e2b20f27965513cf5c2f5e783b8c355d294e86857;5afbf4febd9353abd00b167201714b49abe44c7d51cb2a4a37154bbd9f2ce584;677a665b5a073c3ab586e399bd2e6d9a27fa0b09283fbab8417146ea7e9b0b54;8e67cbec54542097b7f22adf2c839b190332c0648cef6b934016ed4e27145b93,False,contextual_or_orthogonal_only
STAT1,shared,2,6,True,True,0,0,0,0,0,0,0,0,9,0,0,2,4,0,,tf_activity,956ca5d7945920a8abd94c0a47540a9cacbe375e119ac5b8e6c97ee7443edc53;6e034c6ff1f2aa136d405d88acc173f0f6869323e8272257159eee501292f4b6;e06de0a3580525debe072d8878eeabb5d6623fe9d613e87d2814c83aa9efd9bb;461ffdc651f3ba8fb033b9993a1a22e69c353a37cf29122db6b7a4a0bdcc3024;d88b8241f77fff65fb79c4094ee3b7e5e04909fcc5431e84d9cf9d80b30be4a4;fd8bf6c5e04e3eba41b08edde33f5ab29103490516d1cdac21d2c60f3c2aea25;564d089e8bceb9835f778ebf93d80d8da20834c915d1f234c7dacaa1995eb7b1;5251384b9a36d02d372461adca2e7fa33e697f47efb2ef45cac1313d1eb42536;bd60fad1dd821f457573c13a05d85a4c519ffeb26b46576b71b84b15ae8845c6;9cb8f74efd267e0920ca90af16decba90b510f3258897979064592fc791e553a;037b657a0a0fe9fd37cb31dae066f50d703741c8386ed8ea33a5a95bb60e3388;a4424e1db7a3e6caf9029e46632042e1c014f4db3c9c0dae8e144693e2191e44;e757ebc33e4de46bf2bed02807242f8e7d11f399ba2e3ab37a8f34f6e36f5099;cc8dda385e0d9f3ceff62a70d2b908d5b9e0255b7411f83e07c95f85799f72b7;d2b0b6fde34c8c3b15c77065005b85439f37c81caab1a9d0d57b5f53561e263a;970e48d3210119913d836fb501d1bd13ad967494751b060a6a664606bf034014;6c41e3a45a540acf83f354d90df4f82e005ee68522412f943d016cb7301a9db4;7135bdb08a625cc23a846a35dd9a918288780f57fe0c7511eb70fb390590b92d;7e34d369475916ff8ff4244f56ab844582ad48729bdc95b4848c87301d03f085;5c33dcf59b2216b1e84d5310e7d0a144ea28c6549ab6272bf07c20787bfa78d5,False,contextual_or_orthogonal_only
ZBTB32,shared,3,9,True,True,0,0,0,0,0,0,0,0,4,0,0,1,2,0,,tf_activity,8591e24434d475ebcdba41ef6eafecdc26306f700b29084b77491431cb68b788;ad8cd16988505e13d8d292ff25fd74508f18040a39213314a0e6981676d39d47;f2a921037323c5e5d6120ef879414f75b9f22b331b4cfd391f5a10b363dcaf77;020a74bd10c00eb35164e7e0d9d05acbb7e647761c043640466ad53b536f0ed6;e1d87752094127bdc222c11633e6287abdf63dac4d97b55a873f3dfc2fc1e248;80d67e5fb002433d8c39391bc858a160936ca73e7a1fef469001fa014a1cf2ba;e3e881ada3d5f4a681e128a79dd193addd2e126523014372f2682bc125bc08c2;a94f26d7a5b63f88cbb5dca11b670b48e3d096e099b773286f0eeb125133e819;1c9d77eb1c13dd543fba950dc578c92452c033e0c66064330582929abf8d9e51;a9bfc378b54c29c18758ea102050be48ff251ee4ab41c35cb044842155331fa3;c047112d05e6a76e451d3e22a8d38d263b41213399178c3bf31b7eeb71b517cd;a3917cf2bceeb74e5e076771f99ae1fb18150f685ace08365827477244686819;e280411d226041796c8367e3731c536454bd5e36e3d2b8fb5391ca55204e7f9b;058484adb25f266465ec249360f30633ed424ae88175dabb387c4c66cd172afa;9693c902f7b8f72635922f488de6a8598777046f570bdd883e0e80f29526bb34,False,contextual_or_orthogonal_only
