tf,query,artifact,result_id,bytes,sha256
AHR,AHR TCR inhibition,search_stdout,s_129cfbe6,5273,0ebcdc81e816d207ccfdfb25d31439f6af2e85b5ccb6a5bd6a5084ecfaf4f3d0
AHR,AHR TCR inhibition,meta:PMC12785682,PMC12785682,2425,2d1b6d06c6b36d2c93c18fb5a5912d05c25f1eb26844d9ee87756075be5a8a70
AHR,AHR TCR inhibition,meta:PMC7419300,PMC7419300,1989,ca82b4589209389768bebf2a7ad97277aeda77a596e63cff57cd64f27ad4f53c
AHR,AHR TCR inhibition,meta:PMC12801039,PMC12801039,2594,d42217d86987738ad48eb67b02f32c3e3513a36aafd4aad4fb36f93f411825b4
AHR,AHR TCR inhibition,meta:PMC12504769,PMC12504769,870,b65c0334c844a36d260631c115d4b545780060fc6b9d37be7fd6171476eacc14
AHR,AHR TCR inhibition,meta:PMC11354967,PMC11354967,2139,cb920c00b83aa55c290f1945a29f14ded51377b1ac2165d838a0c9fa22639863
AHR,AHR TCR inhibition,meta:PMC10570930,PMC10570930,1069,0ead10103389c05d8e5f4c9e7f8b4a7ce918ef041a4682a13efb2fcafa009e99
AHR,AHR TCR inhibition,meta:PMC11237943,PMC11237943,2657,68b5e6bc463149a91c18620aebede510e00af067ce9536683576ece45ab240b7
AHR,AHR TCR inhibition,meta:PMC4067745,PMC4067745,1748,6dbb2a3868621eee6bb90a21a7e0e65e72e63c1eee04768e96c8a8a1244da7d5
AHR,AHR TCR inhibition,meta:PMC12346228,PMC12346228,2248,d8bac7f40a18f8645487a5291f0b05072df5a888c1c48915926b2af230f9baa0
AHR,AHR TCR inhibition,meta:PMC3412388,PMC3412388,2702,933d59000cfcac58d75fe5c9ae7f9ed3104ea6ec765b38e362046f61bfe23661
BCL3,BCL3 TCR inhibition,search_stdout,s_1cbba8c8,4851,6abf26a0520abbf7b7a4b184ddf6a6d47f26159dbaecd205a08cdff05b0572ed
BCL3,BCL3 TCR inhibition,meta:PMC10775530,PMC10775530,2123,b072279297a9bb8e8a4d44c9b130efe79ccf01075c704af579a71a2692bd69c5
BCL3,BCL3 TCR inhibition,meta:PMC10813424,PMC10813424,2124,6ecf8ed595ddcb961b38ca188b0b552b758de406c78ca3b71a270bd2ee16ef28
BCL3,BCL3 TCR inhibition,meta:PMC12730859,PMC12730859,2124,e6d5769fbe4e39eb8aaee6c61b444bfb654ba787ed32101a5e1513e7f5b870e9
BCL3,BCL3 TCR inhibition,meta:PMC2660861,PMC2660861,1671,0b36470e0c4e9aa5856a4fe9059e417373629e34c4aa46bf5ae1e07d8b0bdaf7
BCL3,BCL3 TCR inhibition,meta:PMC12646068,PMC12646068,2417,8077e678e0d1d5463a6eae5a6fb31ef1c0733bf61e21b150006061e5f709d877
BCL3,BCL3 TCR inhibition,meta:PMC5414353,PMC5414353,1799,b9d35bb3797bbf4a4243dc39418bf28af45179adbbf09402ec2d92e5eabd00fa
BCL3,BCL3 TCR inhibition,meta:PMC11731105,PMC11731105,2225,1d01cfed55e4cad628c9a56d077a7763eaacf62ca8f2f780dc81fdfa14cd9276
BCL3,BCL3 TCR inhibition,meta:PMC4931663,PMC4931663,1385,40aa5439936dd06572c42bc8d872ddae67c35c8e60ac0b486141bee82f9d5a5c
BCL3,BCL3 TCR inhibition,meta:PMC12003009,PMC12003009,2788,b5e751853d5319ee8eaa8f5537b42254439fa79a790f297084888b1d4faf44b0
BCL3,BCL3 TCR inhibition,meta:PMC10618080,PMC10618080,2236,ac231e9c7b4e9a7be3aff1b599e1220eea689a9b82ca01ae9e705734299c4814
BHLHE40,BHLHE40 TCR inhibition,search_stdout,s_6a6bb6a5,5431,4dc5179bacd4eada896289fecd2f30548f503511ff535bac0d4f6185d1ecef62
BHLHE40,BHLHE40 TCR inhibition,meta:PMC10846703,PMC10846703,2932,3fdf2892faaa4a027b5dc20b8d8d1fce3c0cd40598f3825265739269abb825a5
BHLHE40,BHLHE40 TCR inhibition,meta:PMC9164498,PMC9164498,1522,a6fb8daf011b9c2f52923dfc6583471981408a284440a47d960465b945ae7b60
BHLHE40,BHLHE40 TCR inhibition,meta:PMC12137885,PMC12137885,1819,3e7a7820a4a935cc0e56c514fa5521991c996cc86becd88ee38d983a061a8fb7
BHLHE40,BHLHE40 TCR inhibition,meta:PMC10153201,PMC10153201,1930,bc36e859125a751952fa2abd51ee793ac4988b2189585c50f5921e411289e0d2
BHLHE40,BHLHE40 TCR inhibition,meta:PMC10894472,PMC10894472,2687,4c0461cbc6a5d28b3353cad877c67ad6321c314784485f6dc8e803833d23082a
BHLHE40,BHLHE40 TCR inhibition,meta:PMC8293608,PMC8293608,2055,82103dce5705ba2b27a2c461388d7d0dbb41ce872f60746b0f18949365b35a00
BHLHE40,BHLHE40 TCR inhibition,meta:PMC10913236,PMC10913236,2483,97ff5a613d6de7f80abad67c90bf269554684daf2f52e2533cce592bca17026d
BHLHE40,BHLHE40 TCR inhibition,meta:PMC12632895,PMC12632895,2778,11d03f21dcc2751bc154870abba81211e24cf7a013b32c870ee693bd9c583383
BHLHE40,BHLHE40 TCR inhibition,meta:PMC12744931,PMC12744931,1748,ffd6c38372211ee010a9e18459dc94e9f608a058896c237993a3382dfa44e106
BHLHE40,BHLHE40 TCR inhibition,meta:PMC10695412,PMC10695412,1660,60e481b21d89c13f6d6f6faab99257744bc9e12ed20b4fbec5d9f16721d9e84b
CREM,CREM TCR inhibition,search_stdout,s_d85e66c4,5300,e250a6aa317b72fff0428365e394586740487758c659d483c220715bde0c2ff2
CREM,CREM TCR inhibition,meta:PMC12286855,PMC12286855,2810,20cbf0026c821c114aa255eed99c9c6d4b47cbe1a3c9bc3cfe2be2d5586dbfd8
CREM,CREM TCR inhibition,meta:PMC5165720,PMC5165720,2611,6ba799f86461297e17ed38c926f61c38d73206ac08c77325766835f8ba685274
CREM,CREM TCR inhibition,meta:PMC12641238,PMC12641238,3195,ca3559667af512f9477a3a6fa7a4d63f2d8278887d5b76a890b4ee88d4b4de59
CREM,CREM TCR inhibition,meta:PMC4770719,PMC4770719,2066,b7a87909e569d6dd180011edca1eb821a9cb74092fea42fdd273a77a5c7e75c4
CREM,CREM TCR inhibition,meta:PMC12138204,PMC12138204,2431,02e691767520db8d1f31ada497efa1440f9e16048adde944ea767f255b4102ee
CREM,CREM TCR inhibition,meta:PMC5056420,PMC5056420,1788,c6d1a2b0195daf375e741e0eb3d8e289cd3c81725a3d7523fb181af0f88687d0
CREM,CREM TCR inhibition,meta:PMC12345263,PMC12345263,3395,6ce94772b461cc5145243e0ec8a0742e8c1f7db2111f8a1b632ba5808fecfd41
CREM,CREM TCR inhibition,meta:PMC5704088,PMC5704088,1677,351783d13f8502289035a1a4a09806153b82d4f07fa99dccc67ffd59eac79423
CREM,CREM TCR inhibition,meta:PMC11999874,PMC11999874,2292,ab367a68243786ac32d2934cc5113519ba1d65860d1d72863d5a021c765c95a5
CREM,CREM TCR inhibition,meta:PMC6011589,PMC6011589,2081,cc63a5b919b3f4a70fc0e2127eaae38fffcce0a1527003b1d221fa0936e388a5
CYCS,CYCS TCR inhibition,search_stdout,s_cc86a4d2,5553,0b273fde05a05c2c3630f2bf6d1371227cf0a7a8bc48833b14771d935129aaf4
CYCS,CYCS TCR inhibition,meta:PMC12546133,PMC12546133,2287,aa375d04b8e2fbdffad1f21fba12deb5c4668b2e26d0c81bef7626df75a5c3d8
CYCS,CYCS TCR inhibition,meta:PMC3951827,PMC3951827,1666,87459f45674259a18afd0a089b9325e98c78879bbaada3654a5e7b348e798550
CYCS,CYCS TCR inhibition,meta:PMC11637729,PMC11637729,2661,5ceaa818266dbf2b9c3e468c1ca778f0f9cb76f68a06bc64809379a3c3e5264c
CYCS,CYCS TCR inhibition,meta:PMC4209802,PMC4209802,2097,9872160d8c25bd67ce6b8b8512085a424a72a63c86778471c47e9dd1e49aaed9
CYCS,CYCS TCR inhibition,meta:PMC11237943,PMC11237943,2658,ef2b0971d60bede09b7647342f727212b14aa9cf139297173a4810e66570b283
CYCS,CYCS TCR inhibition,meta:PMC6670834,PMC6670834,1634,c937d776b5b974ffaea8c8e8c46ee73517dbdaedac3ed14243d65ff1d7bb07e4
CYCS,CYCS TCR inhibition,meta:PMC12346228,PMC12346228,2249,ba00994753d57c1ddb2974e1e7bd4944c1ccd9c546523991180552ffe0dfe12a
CYCS,CYCS TCR inhibition,meta:PMC2768903,PMC2768903,2743,ace59af8135fb6f04e628f727d2e095b0401735a3102bca5fc85ef944d1aa74f
CYCS,CYCS TCR inhibition,meta:PMC11014665,PMC11014665,2299,8e6f2bea172ade3f2fdef67698f8f9a5e32ed30ef9bbf3047c7c340bfdd4aad3
CYCS,CYCS TCR inhibition,meta:PMC3358016,PMC3358016,2005,a58b027284865ba5c52ac66bfdad7b6452e29a4136fe659d8ded0ee35a378318
EGR2,EGR2 TCR inhibition,search_stdout,s_f5c74799,5174,393fa263731495ed809687e008295fa2c0b80f0220ee9c72c62d3c00de7470de
EGR2,EGR2 TCR inhibition,meta:PMC11592338,PMC11592338,2891,47b689895c8e712f6422b35fb0965f69bdfee2a3e032f34dc567c3c92ce11735
EGR2,EGR2 TCR inhibition,meta:PMC3501351,PMC3501351,744,8e2284216c9a530cea97af2335504b27c5378840afd647e3715927841e6f446e
EGR2,EGR2 TCR inhibition,meta:PMC12329747,PMC12329747,3761,2bb2635c5eb8311a62775ce6dac1b264a6a67cc3858ba488fa53d8a5f023aa6d
EGR2,EGR2 TCR inhibition,meta:PMC5439026,PMC5439026,1415,ce9cf6d2f3f96c668227a57a14e9ae0f300361903455a6aff014d774357e5125
EGR2,EGR2 TCR inhibition,meta:PMC11385099,PMC11385099,2365,c0f28da000b5a019a4aef4f6fa86736b938c8398a15eb97a627e50e597d8fabd
EGR2,EGR2 TCR inhibition,meta:PMC5946152,PMC5946152,2018,56bd19af63258f34813f227f7ce3a45d9b5dbd3e857af56aae115e971f61bc59
EGR2,EGR2 TCR inhibition,meta:PMC12644210,PMC12644210,2194,383e759243923aa021f8f9386ef6132d9aa6d5c2fbeed6454e68f29489b7e380
EGR2,EGR2 TCR inhibition,meta:PMC2944839,PMC2944839,1797,b0915707305ea50c2b88ec50b4bf5be4734de4a1f8a8186b6fac7c6b6cf0d30b
EGR2,EGR2 TCR inhibition,meta:PMC12658588,PMC12658588,1270,69f643d08c31a04f5c63e9761e23ef16d81fb0649aa054968b3e86ec5939389c
EGR2,EGR2 TCR inhibition,meta:PMC3288314,PMC3288314,1462,359a4f33610f863377144aa1ed186ba9a3f4ca0bdd0cb8072c3892162c5df570
EZH2,EZH2 TCR inhibition,search_stdout,s_ff902e41,5102,80433068ee973432e0391ae29a15205172b0f4b4e0d8fe401f62d6ef6d1858a3
EZH2,EZH2 TCR inhibition,meta:PMC10863487,PMC10863487,2537,1552292d6717da8f1f788fbb987b1ad8fab6e7808b86c2ce734313dc282a4a9d
EZH2,EZH2 TCR inhibition,meta:PMC11130181,PMC11130181,2089,bbd96983b590bc9f89e7b94d1bf58ad73fb9b5e3731c039073b8272bb62c6899
EZH2,EZH2 TCR inhibition,meta:PMC6094952,PMC6094952,2001,adac64b318729a02e517fb85a9945d282cd977c9e424a06e09fcca3cfd2367cd
EZH2,EZH2 TCR inhibition,meta:PMC11569238,PMC11569238,3000,392ca6aa1fcf520989879a3a9708ad53d5c79fe167c22a262c26b2a75d5e7f17
EZH2,EZH2 TCR inhibition,meta:PMC10274685,PMC10274685,1948,a24817d4a76210f8dde91aeac707fb1a99f405ec88551b64353416e69b12b6a3
EZH2,EZH2 TCR inhibition,meta:PMC11520870,PMC11520870,2398,1a8a19666aec876bce7f5dcf739cf960f7cb5ca8c4cb2aca35822d2965191c47
EZH2,EZH2 TCR inhibition,meta:PMC4741719,PMC4741719,2027,81ada08ccef0df087e3d4afb7c8aacc5ae62cc728f73db8f542094062d044d98
EZH2,EZH2 TCR inhibition,meta:PMC10763530,PMC10763530,2791,bdf4d297a3781755a971c5f00f88d3def2ed827e3b10202b9f15370f3dd32133
EZH2,EZH2 TCR inhibition,meta:PMC5356764,PMC5356764,2015,db041654e1875a889f243b3352c72b2bd84e5527c007b54b07188fc1a0378f55
EZH2,EZH2 TCR inhibition,meta:PMC12203955,PMC12203955,1899,d3cbcbf9fc697fe92f8ba841c986637a988cbed73f5b611fa3d59ee484b02a2d
FOXM1,FOXM1 TCR inhibition,search_stdout,s_dd49c19c,5136,6f658831f6537cb9c4c80bd617e63dd124bae28ac79517d002bc7db17e6f4ba9
FOXM1,FOXM1 TCR inhibition,meta:PMC11463088,PMC11463088,2457,0609c018d118d02ab8323cba0b384a418d2c5cfcb28756ee26a9c029a85b1f33
FOXM1,FOXM1 TCR inhibition,meta:PMC11445503,PMC11445503,2394,b19248d9bbbf71053e46d6f45f158845ecb2e416afe12a551484ad415144c587
FOXM1,FOXM1 TCR inhibition,meta:PMC9561767,PMC9561767,2370,e57a3d524cde362cc134d5e6e11f6171f1a2a82333ba20f86a185e40e1e4579a
FOXM1,FOXM1 TCR inhibition,meta:PMC12515241,PMC12515241,3135,1a8be3657910d62156a691c87c0c27ccf158889ac8be58561c21dbbc38cd68b4
FOXM1,FOXM1 TCR inhibition,meta:PMC12326245,PMC12326245,2460,52ce7b0ddfc5a9b0fc794a0fa67c475b78179335513bfd6bd679d9549e01b81d
FOXM1,FOXM1 TCR inhibition,meta:PMC4258842,PMC4258842,1701,8ec662a2ae9af0d217583626258a588b4752fc1b6eb1a24696b748924f22f7af
FOXM1,FOXM1 TCR inhibition,meta:PMC12435485,PMC12435485,2293,8c29282109436f948fec3ff304c4bd3b9eaf6657d920d86f0a34fe278ed1ea9a
FOXM1,FOXM1 TCR inhibition,meta:PMC3290538,PMC3290538,2237,8452206b0700de301ee5c526cee4c92cc4ac916a1e379a7fd3daeb9ea0d4584b
FOXM1,FOXM1 TCR inhibition,meta:PMC12723259,PMC12723259,2275,15ea41dd7bdada37ac731600eee366e19130b478b666fdfd5be6d4ffb95838a6
FOXM1,FOXM1 TCR inhibition,meta:PMC12236922,PMC12236922,3583,91238082699b32997657bbf6f58654c8a6c6528977ea61ca8f729b521092a555
FOXP1,FOXP1 TCR inhibition,search_stdout,s_6e5ddcdd,5403,86cc059572e3ccb21ced76b08d902940d0429f90be30dd1d96311c47d8ca0efc
FOXP1,FOXP1 TCR inhibition,meta:PMC10811915,PMC10811915,2420,4bac0d101d29f6653290b31030ea67e7a2ebadf3bd8abacba7d1fb3cc166ee59
FOXP1,FOXP1 TCR inhibition,meta:PMC9576946,PMC9576946,1574,398c936e44669381bbe987eb2d2c0550f4863c4965c77d45741524b9b37e7d85
FOXP1,FOXP1 TCR inhibition,meta:PMC12263946,PMC12263946,2400,2b87d43e074d929bfeef888964a237bdc599e8312a6a429424e5da9582147920
FOXP1,FOXP1 TCR inhibition,meta:PMC6534289,PMC6534289,7722,10c669bfe3d969507adfcaeac9df5ab48f2a53256d0403fee1dd76042db7d0a3
FOXP1,FOXP1 TCR inhibition,meta:PMC12462984,PMC12462984,2465,566d7bc3781a55070e5587c8bb378c8af521bf6ae9b9f9a6a2a91fdae8be63d2
FOXP1,FOXP1 TCR inhibition,meta:PMC4633965,PMC4633965,1994,061dd2ccbe919e2ce484f6967e10376ea37a3bcb48959f60f81eb5d33f594878
FOXP1,FOXP1 TCR inhibition,meta:PMC11729909,PMC11729909,1814,3f18aceaf23c0c60d5676fc5e16db36ad17f9d467023c94d19ad6c34c638e7ac
FOXP1,FOXP1 TCR inhibition,meta:PMC12487849,PMC12487849,2055,ecada040ee0f7f825fbe2b593ef95041041a293f1cec816b1e61c01693e28651
FOXP1,FOXP1 TCR inhibition,meta:PMC11724166,PMC11724166,2436,a527e685c7e9e39d23bae5868f973694db1dadcbf02fcb1d6a4b09742bf1ad03
FOXP1,FOXP1 TCR inhibition,meta:PMC13105002,PMC13105002,1545,7afc9422378416f9e25599a591580793c1cff5c8d500daef6759adacbca28ee5
GAR1,GAR1 TCR inhibition,search_stdout,s_e370cf1b,5549,9d8188147e4fb0f0510fbf3ec4f213bb9585b6cc4f38ea22212a57332ee5d522
GAR1,GAR1 TCR inhibition,meta:PMC12603805,PMC12603805,1283,0ace4d3814294a137e89262e39c574831c93d35d9deb314944cd72d08d483e1e
GAR1,GAR1 TCR inhibition,meta:PMC8978620,PMC8978620,1162,214021dd42bd63d6541babc2146bf946555c4950e21ab4dfed986d3b3a6f4db9
GAR1,GAR1 TCR inhibition,meta:PMC11237943,PMC11237943,2658,ef2b0971d60bede09b7647342f727212b14aa9cf139297173a4810e66570b283
GAR1,GAR1 TCR inhibition,meta:PMC4209802,PMC4209802,2097,9872160d8c25bd67ce6b8b8512085a424a72a63c86778471c47e9dd1e49aaed9
GAR1,GAR1 TCR inhibition,meta:PMC12346228,PMC12346228,2249,ba00994753d57c1ddb2974e1e7bd4944c1ccd9c546523991180552ffe0dfe12a
GAR1,GAR1 TCR inhibition,meta:PMC5587706,PMC5587706,1913,2e2689662dab4a92ec09b8be911cff2e348eb6184371efddd1b1df292e17ec89
GAR1,GAR1 TCR inhibition,meta:PMC11014665,PMC11014665,2299,8e6f2bea172ade3f2fdef67698f8f9a5e32ed30ef9bbf3047c7c340bfdd4aad3
GAR1,GAR1 TCR inhibition,meta:PMC8704919,PMC8704919,1224,488c7e939fd6d63f8f825e4d79f1de898919c51ab7d935352d32e683ba07b271
GAR1,GAR1 TCR inhibition,meta:PMC12261488,PMC12261488,1910,e306ecec769efec35a6b937270f0b2d49bd7d7495f63ea3d1bf6db9e6bab1a64
GAR1,GAR1 TCR inhibition,meta:PMC12934713,PMC12934713,2461,27b9150a3f24b37c44d3aa55c43de4863a29dcd493cd62902960a8e746bb5929
GTF2A2,GTF2A2 TCR inhibition,search_stdout,s_6155d08c,5801,a28e10c647c805a76f862ab638d8f5c672dec1bf25036d8fd807ce811aee785d
GTF2A2,GTF2A2 TCR inhibition,meta:PMC11237943,PMC11237943,2658,ef2b0971d60bede09b7647342f727212b14aa9cf139297173a4810e66570b283
GTF2A2,GTF2A2 TCR inhibition,meta:PMC11253514,PMC11253514,1630,d8160338a1b6d187c9cf8bc751907b774ae901c8dfcf49ddefa641c0e9897db0
GTF2A2,GTF2A2 TCR inhibition,meta:PMC12346228,PMC12346228,2249,ba00994753d57c1ddb2974e1e7bd4944c1ccd9c546523991180552ffe0dfe12a
GTF2A2,GTF2A2 TCR inhibition,meta:PMC4209802,PMC4209802,2097,9872160d8c25bd67ce6b8b8512085a424a72a63c86778471c47e9dd1e49aaed9
GTF2A2,GTF2A2 TCR inhibition,meta:PMC11014665,PMC11014665,2299,8e6f2bea172ade3f2fdef67698f8f9a5e32ed30ef9bbf3047c7c340bfdd4aad3
GTF2A2,GTF2A2 TCR inhibition,meta:PMC12934713,PMC12934713,2461,27b9150a3f24b37c44d3aa55c43de4863a29dcd493cd62902960a8e746bb5929
GTF2A2,GTF2A2 TCR inhibition,meta:PMC12261488,PMC12261488,1910,e306ecec769efec35a6b937270f0b2d49bd7d7495f63ea3d1bf6db9e6bab1a64
GTF2A2,GTF2A2 TCR inhibition,meta:PMC10287668,PMC10287668,2291,f16aa9e079cb078245485d492d991626757238e2b8743ec84ae4952478e997ff
GTF2A2,GTF2A2 TCR inhibition,meta:PMC11302870,PMC11302870,2052,51d16b8af871864dc6cc5c43ab626715e0a8bbae5d9ae70676cc8df57d70af15
GTF2A2,GTF2A2 TCR inhibition,meta:PMC6670834,PMC6670834,1634,c937d776b5b974ffaea8c8e8c46ee73517dbdaedac3ed14243d65ff1d7bb07e4
GTF3C2,GTF3C2 TCR inhibition,search_stdout,s_fe2a566d,5229,bce85f11e532077067aa78db83fe67f58202a6d69795ac2503430fac6167226d
GTF3C2,GTF3C2 TCR inhibition,meta:PMC12078175,PMC12078175,2805,fe222245b2ca65b5f9dc50d7d8272d115ea524c758527a01ff677cc5c1ead254
GTF3C2,GTF3C2 TCR inhibition,meta:PMC4209802,PMC4209802,2097,9872160d8c25bd67ce6b8b8512085a424a72a63c86778471c47e9dd1e49aaed9
GTF3C2,GTF3C2 TCR inhibition,meta:PMC11237943,PMC11237943,2658,ef2b0971d60bede09b7647342f727212b14aa9cf139297173a4810e66570b283
GTF3C2,GTF3C2 TCR inhibition,meta:PMC6921533,PMC6921533,1842,f170af9a2b2c51dc6fa21ef9631a0e96aa7bf8a056e01bb9343b2b27bd9444ab
GTF3C2,GTF3C2 TCR inhibition,meta:PMC12346228,PMC12346228,2249,ba00994753d57c1ddb2974e1e7bd4944c1ccd9c546523991180552ffe0dfe12a
GTF3C2,GTF3C2 TCR inhibition,meta:PMC8978620,PMC8978620,1162,214021dd42bd63d6541babc2146bf946555c4950e21ab4dfed986d3b3a6f4db9
GTF3C2,GTF3C2 TCR inhibition,meta:PMC11014665,PMC11014665,2299,8e6f2bea172ade3f2fdef67698f8f9a5e32ed30ef9bbf3047c7c340bfdd4aad3
GTF3C2,GTF3C2 TCR inhibition,meta:PMC8822241,PMC8822241,1442,637dbc68002d36308f255c4e5f75e2d7bd83bd81f0a2d9c42629aede785c43ac
GTF3C2,GTF3C2 TCR inhibition,meta:PMC12261488,PMC12261488,1910,e306ecec769efec35a6b937270f0b2d49bd7d7495f63ea3d1bf6db9e6bab1a64
GTF3C2,GTF3C2 TCR inhibition,meta:PMC3960297,PMC3960297,993,4165bde13e7968de5095e5fa1eb81f05e85e0ba6edb24c4907a106be639335fc
HIRIP3,HIRIP3 TCR inhibition,search_stdout,s_1fd9a7c2,5463,76807cc21f1d36bf56347fe4226dd93d5365bb0b639e6d31e0f1529e0b789b6d
HIRIP3,HIRIP3 TCR inhibition,meta:PMC10854748,PMC10854748,1746,c7e888d33da14675d8c78ce7588e2cf9b4a5bd4157106c0313eb244e553b9983
HIRIP3,HIRIP3 TCR inhibition,meta:PMC7860602,PMC7860602,2268,04d2317f8df8dcca6a0fc51a15f1741b3bd73617fc964daa0760af6de1b8d395
HIRIP3,HIRIP3 TCR inhibition,meta:PMC11890862,PMC11890862,1896,f78fe4dec9f73f9af8be5467e7a091e3109bfdc88a97b3798722d8cf92667a02
HIRIP3,HIRIP3 TCR inhibition,meta:PMC3842781,PMC3842781,2156,192cb486be1c6dac1fa95874107364b8e633e31e42cf16cf8b4d32b503cb0b77
HIRIP3,HIRIP3 TCR inhibition,meta:PMC12179093,PMC12179093,2767,69a3390301927cc7ae84875747cc6a765fe56f62bdcb4073f428c12b21a3b1bd
HIRIP3,HIRIP3 TCR inhibition,meta:PMC2212737,PMC2212737,2079,61c006f96c102c298a78a3d41f8c976347226e5ac6b1fd4b7056033f59669bb0
HIRIP3,HIRIP3 TCR inhibition,meta:PMC11237943,PMC11237943,2658,ef2b0971d60bede09b7647342f727212b14aa9cf139297173a4810e66570b283
HIRIP3,HIRIP3 TCR inhibition,meta:PMC2196323,PMC2196323,1660,9e3f26060d9aaf221ffe68650fc3f9961198196ea7bf3f85a1cea34ed81db1cd
HIRIP3,HIRIP3 TCR inhibition,meta:PMC12346228,PMC12346228,2249,ba00994753d57c1ddb2974e1e7bd4944c1ccd9c546523991180552ffe0dfe12a
HIRIP3,HIRIP3 TCR inhibition,meta:PMC11092459,PMC11092459,1947,2ebdd748dbacec944caf5c90529d4f2b70c8aca66338e9bbbe40594a6c21e6d2
HIVEP3,HIVEP3 TCR inhibition,search_stdout,s_3183f53d,5488,ec210432b7d1d58b7bde7c063dd416addd3b66a7ba12ef955b6cf09b27c45c0d
HIVEP3,HIVEP3 TCR inhibition,meta:PMC11237943,PMC11237943,2658,ef2b0971d60bede09b7647342f727212b14aa9cf139297173a4810e66570b283
HIVEP3,HIVEP3 TCR inhibition,meta:PMC8704919,PMC8704919,1224,488c7e939fd6d63f8f825e4d79f1de898919c51ab7d935352d32e683ba07b271
HIVEP3,HIVEP3 TCR inhibition,meta:PMC12346228,PMC12346228,2249,ba00994753d57c1ddb2974e1e7bd4944c1ccd9c546523991180552ffe0dfe12a
HIVEP3,HIVEP3 TCR inhibition,meta:PMC7479152,PMC7479152,1582,2ce55d7c4f84b3734b3fe0f1326817a437fc963f1655c9893900daecca0292a8
HIVEP3,HIVEP3 TCR inhibition,meta:PMC11014665,PMC11014665,2299,8e6f2bea172ade3f2fdef67698f8f9a5e32ed30ef9bbf3047c7c340bfdd4aad3
HIVEP3,HIVEP3 TCR inhibition,meta:PMC10555889,PMC10555889,976,d493bf94f6a5140a4ec920a7886fd80764ed8f320eedc48abfbf57e4e131eba6
HIVEP3,HIVEP3 TCR inhibition,meta:PMC12261488,PMC12261488,1910,e306ecec769efec35a6b937270f0b2d49bd7d7495f63ea3d1bf6db9e6bab1a64
HIVEP3,HIVEP3 TCR inhibition,meta:PMC11253514,PMC11253514,1630,d8160338a1b6d187c9cf8bc751907b774ae901c8dfcf49ddefa641c0e9897db0
HIVEP3,HIVEP3 TCR inhibition,meta:PMC11302870,PMC11302870,2052,51d16b8af871864dc6cc5c43ab626715e0a8bbae5d9ae70676cc8df57d70af15
HIVEP3,HIVEP3 TCR inhibition,meta:PMC4209802,PMC4209802,2097,9872160d8c25bd67ce6b8b8512085a424a72a63c86778471c47e9dd1e49aaed9
HMGN3,HMGN3 TCR inhibition,search_stdout,s_731c3e96,5559,92138f3cad6b803d10ed51c97b3a79770c598b5cc6a499ae5921013a00eb8f81
HMGN3,HMGN3 TCR inhibition,meta:PMC11237943,PMC11237943,2658,ef2b0971d60bede09b7647342f727212b14aa9cf139297173a4810e66570b283
HMGN3,HMGN3 TCR inhibition,meta:PMC4126642,PMC4126642,2206,a241de925c7113a7d96304fd62769c1cf4c6c25157c971c2da386a492f43e5d3
HMGN3,HMGN3 TCR inhibition,meta:PMC12346228,PMC12346228,2249,ba00994753d57c1ddb2974e1e7bd4944c1ccd9c546523991180552ffe0dfe12a
HMGN3,HMGN3 TCR inhibition,meta:PMC6352494,PMC6352494,2334,48484991882fae8a6ba4f2615c6fa031f4d4657f2f986c926c6ff5698ce8440e
HMGN3,HMGN3 TCR inhibition,meta:PMC11014665,PMC11014665,2299,8e6f2bea172ade3f2fdef67698f8f9a5e32ed30ef9bbf3047c7c340bfdd4aad3
HMGN3,HMGN3 TCR inhibition,meta:PMC10499904,PMC10499904,1928,bae810ad743d9e2ab4e402f1af61b18399187028d90fef23a44fc5ab7a66ea3f
HMGN3,HMGN3 TCR inhibition,meta:PMC12261488,PMC12261488,1910,e306ecec769efec35a6b937270f0b2d49bd7d7495f63ea3d1bf6db9e6bab1a64
HMGN3,HMGN3 TCR inhibition,meta:PMC12047442,PMC12047442,1933,d1c97491adb8364096d6fad509e29f06c3ca8ee3a348300f0f0651760e7ddb05
HMGN3,HMGN3 TCR inhibition,meta:PMC11302870,PMC11302870,2052,51d16b8af871864dc6cc5c43ab626715e0a8bbae5d9ae70676cc8df57d70af15
HMGN3,HMGN3 TCR inhibition,meta:PMC8704919,PMC8704919,1224,488c7e939fd6d63f8f825e4d79f1de898919c51ab7d935352d32e683ba07b271
ID2,ID2 TCR inhibition,search_stdout,s_d5ae71e5,5128,1bd96ca5eecbca7030e64beecf2f09f330cf6a1a2ce93e8866cac70b0e8e42cf
ID2,ID2 TCR inhibition,meta:PMC10902300,PMC10902300,2592,b424f878e7ddf1f7e99949962a603f9055fe81433aebca438ad3feac13a7c755
ID2,ID2 TCR inhibition,meta:PMC11208273,PMC11208273,2333,d6a1de1f24ec458a8e2cd11a89fb1c3b1042625ef58427cd149aca99df388391
ID2,ID2 TCR inhibition,meta:PMC8056751,PMC8056751,949,4bec21fcb506719b139b24f02c270f56b7050fea00561ecd0d7c8d8c86cc8d24
ID2,ID2 TCR inhibition,meta:PMC11885165,PMC11885165,2921,4a3726757a47fd60ec47682809f88d960597b3549a1c10f5bc4fa8a5c6408ad8
ID2,ID2 TCR inhibition,meta:PMC2824806,PMC2824806,2111,78162443bc6cee75ced530a23bd0f1b0c8c510c7abfab0f63bbfb51a4e2e6e6a
ID2,ID2 TCR inhibition,meta:PMC10814654,PMC10814654,2809,233ec307ff192142aa1bc8480a361613e9a67944a72b6ff12986cc1a432b23fa
ID2,ID2 TCR inhibition,meta:PMC12425045,PMC12425045,1696,515caa880211784194e69ed4587baec2b5ad6ef044408ba2dcefd00595739663
ID2,ID2 TCR inhibition,meta:PMC4915968,PMC4915968,1479,32c3af91c083cc1a36fd0340b4d5e6870f5d7c569b63a38bcce83102a0328f6a
ID2,ID2 TCR inhibition,meta:PMC3061294,PMC3061294,1593,6591be7ad11f96ead41de5ae0824891b9de4ca857d72e5aa33e925eb6ab767fb
ID2,ID2 TCR inhibition,meta:PMC12147642,PMC12147642,4136,84a93bd2ec325607b1c4b5d2bea5ba565e955748f52a039bd99e5772031eb37f
IRF8,IRF8 TCR inhibition,search_stdout,s_cc726418,5092,fb91ce1f5ce03fc65b25190a58f8f89dbc67906d5f70d3c349e9a7ba7d6009a1
IRF8,IRF8 TCR inhibition,meta:PMC12324457,PMC12324457,2514,e25784613b335f85270fede1aaeafd4092981c91c91fe364fbcb53c896e8d0d5
IRF8,IRF8 TCR inhibition,meta:PMC3112536,PMC3112536,1736,79edfb5194281cdbc2339248bc85cc79af1d3162b6f06f70ae2c751904e0589a
IRF8,IRF8 TCR inhibition,meta:PMC11905893,PMC11905893,2088,add33be78053a94ca7a3ef50a0d0e741b900320d374d605e9b0d1d6148fafbc2
IRF8,IRF8 TCR inhibition,meta:PMC9454819,PMC9454819,2018,90e29c0962540681c3feefd4cc769171ee6e3458369221f233691eff9b9677a1
IRF8,IRF8 TCR inhibition,meta:PMC11153194,PMC11153194,2354,0aaa12e021fdf447c2a912be3a9a42200de73e35a3ff38e33f668b9f9892a363
IRF8,IRF8 TCR inhibition,meta:PMC5727025,PMC5727025,1692,983d9ea57ed16f950d02f669a5142fc26c6a676eb6e770ae4c6f6d3d1b728b58
IRF8,IRF8 TCR inhibition,meta:PMC11190126,PMC11190126,3167,90f9daef842baf1f379fb42c57f026b456e568d29594aebac5b25e216d75fb1d
IRF8,IRF8 TCR inhibition,meta:PMC9856547,PMC9856547,2182,3756a33f5ef31772c29e4c902bb85e015971662a2d0e3e647bb9ab0431e033f4
IRF8,IRF8 TCR inhibition,meta:PMC12424652,PMC12424652,2142,4d2fc2da35e77e3bc1fd4f3346c123f31c29cf654f2f0a1ded83fa9f307f1340
IRF8,IRF8 TCR inhibition,meta:PMC4543755,PMC4543755,1722,b7e2b2d92b319f5891082d06edcf74a52af5ef30d2e9374f1d64393f304ba624
JUNB,JUNB TCR inhibition,search_stdout,s_4caee929,5123,f5cb823dbb9d11acb9fc159d95983ff678331705eb439773ad813e95bbaabfcb
JUNB,JUNB TCR inhibition,meta:PMC11884676,PMC11884676,2038,1676f581643116e0c0edfe80f19472fa38c111f917d4694d9f1f3ba638dcbef7
JUNB,JUNB TCR inhibition,meta:PMC12247136,PMC12247136,2415,c34b45077a5706d42a42fed6bb3853eeb1cadf320b8df02afc17cb814c5a7e18
JUNB,JUNB TCR inhibition,meta:PMC11496645,PMC11496645,2586,8f779de5bab6f107991222f92468ad54bdc4fa29256fb43cef00c8eab18b28a3
JUNB,JUNB TCR inhibition,meta:PMC10507257,PMC10507257,1829,f7f7245daf3194b1d87baf594308b6e22281f166d4d25f8c9b76a27e3e29ab80
JUNB,JUNB TCR inhibition,meta:PMC2833204,PMC2833204,2469,a8514a26dde5fcd5a5bd1d42869a269695528c781fdcfd0896e0d9fa38ecfa53
JUNB,JUNB TCR inhibition,meta:PMC12469021,PMC12469021,2158,4783097ff9a0ac2e2d378e908204d52d567e6a5fce58c5058f07330d47ca7757
JUNB,JUNB TCR inhibition,meta:PMC9273772,PMC9273772,1820,7707e4fcaf39061be899a26e717bfae4009c46d0dcf8ace1ebef9871897a191e
JUNB,JUNB TCR inhibition,meta:PMC11451012,PMC11451012,2475,a5766db91bb6e460ebb0f625a44e892d084a3578484aae26ac57b4effbd20e94
JUNB,JUNB TCR inhibition,meta:PMC5563507,PMC5563507,1585,9dc6605a68c194efd649d2da486a1747d1b2cc104cf6458223575a0b22ac0d5e
JUNB,JUNB TCR inhibition,meta:PMC12455463,PMC12455463,2174,a66cf9d5fef46bf8668ecd079ed48ecd7070f4093168c283f977c4f6388d3544
KIF22,KIF22 TCR inhibition,search_stdout,s_b4ad44ab,5243,5ccb7f216b3aeeb595526f47e8de781b969fd7ba0ac632f25073ac66a4f99235
KIF22,KIF22 TCR inhibition,meta:PMC11233920,PMC11233920,1688,a53e2a8b416ae784f1107019b256a9975ee4a9d6993569bb7ba0740190525b2d
KIF22,KIF22 TCR inhibition,meta:PMC7176455,PMC7176455,3101,0751f238cb81c382e115906896823c1a3a366c8935202e536960a25d2bf72c82
KIF22,KIF22 TCR inhibition,meta:PMC11076398,PMC11076398,2501,21a41b30b7afdecd7e25dd8a3ab877da4ca2ac0aba6a7ac265a9496133564675
KIF22,KIF22 TCR inhibition,meta:PMC9398805,PMC9398805,1866,a8aa1c36cb5b31c5ba604261fc8188b522540243f0a8424ba9cf2de0beb30620
KIF22,KIF22 TCR inhibition,meta:PMC11237943,PMC11237943,2657,68b5e6bc463149a91c18620aebede510e00af067ce9536683576ece45ab240b7
KIF22,KIF22 TCR inhibition,meta:PMC10824666,PMC10824666,2083,48085fa31115dada528795fddea21da2280eff7c76d163d30a257caa96cb3e6c
KIF22,KIF22 TCR inhibition,meta:PMC12346228,PMC12346228,2248,d8bac7f40a18f8645487a5291f0b05072df5a888c1c48915926b2af230f9baa0
KIF22,KIF22 TCR inhibition,meta:PMC10907621,PMC10907621,2020,735bfa5cd59bc1155ac82fa3aa7aee020edc242bb7b16968c3d13f66d960dc29
KIF22,KIF22 TCR inhibition,meta:PMC11014665,PMC11014665,2298,6db7345995e010fd7cd8fab7d64e0c136c2c69badd37011ccf0cb4a2620fe589
KIF22,KIF22 TCR inhibition,meta:PMC6996685,PMC6996685,1605,cf02e353e5f9e92c43c7463126ce9b302b569a90455d7f8682d87ecb7f62b90b
MAF,MAF TCR inhibition,search_stdout,s_81e651d7,5399,b99253e7286f2488f2d22a7afdf590b68d26dff253c75c3fda7d19b6c5baf86b
MAF,MAF TCR inhibition,meta:PMC12726077,PMC12726077,2383,844c81fe996f99e86302763117b254a69b248e7c7f9343e81a42880c2be8e34f
MAF,MAF TCR inhibition,meta:PMC8978620,PMC8978620,1162,214021dd42bd63d6541babc2146bf946555c4950e21ab4dfed986d3b3a6f4db9
MAF,MAF TCR inhibition,meta:PMC11237943,PMC11237943,2658,ef2b0971d60bede09b7647342f727212b14aa9cf139297173a4810e66570b283
MAF,MAF TCR inhibition,meta:PMC4209802,PMC4209802,2097,9872160d8c25bd67ce6b8b8512085a424a72a63c86778471c47e9dd1e49aaed9
MAF,MAF TCR inhibition,meta:PMC12346228,PMC12346228,2249,ba00994753d57c1ddb2974e1e7bd4944c1ccd9c546523991180552ffe0dfe12a
MAF,MAF TCR inhibition,meta:PMC3583918,PMC3583918,1027,c3f9c6a3148ee5f210410e07eec33a9187ac627a2ebba4deb4f9a94d82fac3db
MAF,MAF TCR inhibition,meta:PMC12606047,PMC12606047,2383,99592302b2ca256afb87db5cd93122c72207089aa93bf2493c420c5c87933e9b
MAF,MAF TCR inhibition,meta:PMC6468010,PMC6468010,1692,34c07ff54e344ce64b48ae9ed8f4add355ae66b1ed196cbcadf7a1b5b2c6c463
MAF,MAF TCR inhibition,meta:PMC12689506,PMC12689506,1264,2c00829952a5cc6fc0621f8a4f7e0a6ff895da28e7a044b36862531f6d876f5c
MAF,MAF TCR inhibition,meta:PMC6833194,PMC6833194,3319,0f9f0e6b1459557c4037fc641b7791e21f4ab1c5b61b735ee3b02a53d4228c6a
MDM2,MDM2 TCR inhibition,search_stdout,s_8b0e9af8,5291,dc11072df0aab07379a3bd525183647bb421399ca8467a287ddc748260c6f91f
MDM2,MDM2 TCR inhibition,meta:PMC12005077,PMC12005077,3088,ec32554661c8f7406a57be1b3eae8fa5e04f5cd6b0ded7175239fac0676aee39
MDM2,MDM2 TCR inhibition,meta:PMC11388719,PMC11388719,1836,5b2fca054c2e2d4a43b389e33c89521ced92ebdd2b2e4a302a35cb69b0d4e6e9
MDM2,MDM2 TCR inhibition,meta:PMC10889355,PMC10889355,2575,9ac63a9865b6d7a3c701859d6179bd22c67861b638165b93ee3acf9bcae32884
MDM2,MDM2 TCR inhibition,meta:PMC10377337,PMC10377337,1941,818339e02c429d1a82d6b13fad3b14af0a022b14dbf9e03ee6ac9e23ceaed8cc
MDM2,MDM2 TCR inhibition,meta:PMC11817430,PMC11817430,2391,cd80d96b99caab5d74849bf3cf376c0d18c2b0524ae8821e39e06a0545b4906a
MDM2,MDM2 TCR inhibition,meta:PMC9414294,PMC9414294,952,079aa0fd1a90bdece20dad270dbe565d065382686606cb92045b4fd9654f114f
MDM2,MDM2 TCR inhibition,meta:PMC12128487,PMC12128487,2681,26ed93283e6271133d9cf6a80777745f4b9b5ade333de8d4883f3759f22e154a
MDM2,MDM2 TCR inhibition,meta:PMC11251213,PMC11251213,2260,e2da85b43be02c2bb48a681f092603d799aa6886fa6d0da8e4789f9acbc69bce
MDM2,MDM2 TCR inhibition,meta:PMC11497104,PMC11497104,2353,d46ef24ee87023ece59da3c2a3161a43fa7e8fbd92f327b35a6d63e84bfad42e
MDM2,MDM2 TCR inhibition,meta:PMC3641235,PMC3641235,2701,69bf230a94c9416d6731107bc6b0e89019c5b276f56c992749197affe6d2aef4
MLX,MLX TCR inhibition,search_stdout,s_5ec3a571,5545,dd92cca43dc539913f449270c100c2317252d2747a46f8faa87ddd2be67de467
MLX,MLX TCR inhibition,meta:PMC11398402,PMC11398402,2011,649280f20c304c89c15231e654286d4d4e963917a7786ae75a7feac137d36caa
MLX,MLX TCR inhibition,meta:PMC8978620,PMC8978620,1162,214021dd42bd63d6541babc2146bf946555c4950e21ab4dfed986d3b3a6f4db9
MLX,MLX TCR inhibition,meta:PMC11900861,PMC11900861,2091,54009cf31e0f5e6b8c1bc3a3fdf4d416bc6f29c7a5424b302256c6eefd556b7d
MLX,MLX TCR inhibition,meta:PMC4209802,PMC4209802,2097,9872160d8c25bd67ce6b8b8512085a424a72a63c86778471c47e9dd1e49aaed9
MLX,MLX TCR inhibition,meta:PMC11425880,PMC11425880,2067,b10876b7ee6ef94dd8b544d7f36b2e03ea8f46f0e02300dafe616a6d2280b3c3
MLX,MLX TCR inhibition,meta:PMC8704919,PMC8704919,1224,488c7e939fd6d63f8f825e4d79f1de898919c51ab7d935352d32e683ba07b271
MLX,MLX TCR inhibition,meta:PMC10970504,PMC10970504,2169,c2ea9b459a54b85e7c2e528b4eb10ec960cf026be1b58ff1c255dbd5ab91d96c
MLX,MLX TCR inhibition,meta:PMC5587706,PMC5587706,1913,2e2689662dab4a92ec09b8be911cff2e348eb6184371efddd1b1df292e17ec89
MLX,MLX TCR inhibition,meta:PMC11237943,PMC11237943,2658,ef2b0971d60bede09b7647342f727212b14aa9cf139297173a4810e66570b283
MLX,MLX TCR inhibition,meta:PMC6504948,PMC6504948,1822,6cfdd34c81905fbe5dd989bf9531a64c473e80b1c95ec29a3c5e2f3bc1572895
MSC,MSC TCR inhibition,search_stdout,s_e60326a3,5621,51d2c00408cdb95516640217ffaf4ed2f07f333b181bff7d29509b63aeff11bd
MSC,MSC TCR inhibition,meta:PMC11237943,PMC11237943,2658,ef2b0971d60bede09b7647342f727212b14aa9cf139297173a4810e66570b283
MSC,MSC TCR inhibition,meta:PMC7937648,PMC7937648,2174,69e9622ee9f756ade7dd0e5ef120a6e6ddd6d989be912daa9297a124fd6c0fdb
MSC,MSC TCR inhibition,meta:PMC12346228,PMC12346228,2249,ba00994753d57c1ddb2974e1e7bd4944c1ccd9c546523991180552ffe0dfe12a
MSC,MSC TCR inhibition,meta:PMC7795906,PMC7795906,1918,0e53bf9ee118df5329e1429a0f97f5d238ecbf307ff6e8ba3521631ab53fb25b
MSC,MSC TCR inhibition,meta:PMC12580868,PMC12580868,2602,2daa6b78d3dc87375d45959434c5db3684f41db2991d1148b701725c6a23992e
MSC,MSC TCR inhibition,meta:PMC3854780,PMC3854780,2110,d8506e4042b8c7ead0051730513c4d7d05b281d659a80d99ee8fc1589b2f2874
MSC,MSC TCR inhibition,meta:PMC11885616,PMC11885616,2323,1fbc74a20c77bb58d47b167f9aa4b425fb2981f635dc5ad0fa43a2fa99c8ea86
MSC,MSC TCR inhibition,meta:PMC12126738,PMC12126738,1261,576101a196708e9668e823a8e059a439480fa226011f681da84e34ff3de6e4e2
MSC,MSC TCR inhibition,meta:PMC10900800,PMC10900800,2425,58976c2d86170acb13357bf7842a923d30004cc15d55173fc169770f2ef2b4b0
MSC,MSC TCR inhibition,meta:PMC3444478,PMC3444478,2650,ae5cfdeb23ebc3f0d7207e970426efc973783e5cacc4e89e50c3bdd300b68654
MYC,MYC TCR inhibition,search_stdout,s_f0907bc8,5333,4f39c4001ab79836de1015b292b668adc89519cba0ae0072460f44c7467cddda
MYC,MYC TCR inhibition,meta:PMC11861601,PMC11861601,2236,aed3ebf35748242155ddca0526beb443a734c4079e89304f49df570afb830a07
MYC,MYC TCR inhibition,meta:PMC9262837,PMC9262837,2676,ca0eab8ac49def0a8c7c137f9e94fe83956b91930ecb9a0401d47b6243606658
MYC,MYC TCR inhibition,meta:PMC12157703,PMC12157703,2448,b3fae332114713b18f7a67ce34e7ee759c3abfd92dcad7fb932a00064669de6c
MYC,MYC TCR inhibition,meta:PMC8978620,PMC8978620,1162,214021dd42bd63d6541babc2146bf946555c4950e21ab4dfed986d3b3a6f4db9
MYC,MYC TCR inhibition,meta:PMC12366093,PMC12366093,2609,9c12f164fb8fc5094cfebe109f7f374ec3a67162c6a348ea24b63b73e023169c
MYC,MYC TCR inhibition,meta:PMC4551349,PMC4551349,1833,4f31b683af8544d156479d60289de6ec6c5ddabc610775bc8c52846cd620c149
MYC,MYC TCR inhibition,meta:PMC12271375,PMC12271375,2077,9d27f8418198e24e011faa7ad4b081cd258e97b843d00afcc50e478dc76c64cf
MYC,MYC TCR inhibition,meta:PMC9360539,PMC9360539,2154,c2c076dd35b9ab38f81ca60efdff4d94e14bdb3d30ce0d89c9ff657c54bb36a5
MYC,MYC TCR inhibition,meta:PMC12812896,PMC12812896,1846,56492c777de4a6c24531d06d200f7960a42a294e8607731e54a15fbeaf294be6
MYC,MYC TCR inhibition,meta:PMC3795085,PMC3795085,1582,9fd26e0debbfb73b88d76703e01d0cc807575497e2615775292367e3243ec994
NFIL3,NFIL3 TCR inhibition,search_stdout,s_8f80ddb7,4992,f7b91d7341503f910930a057bd86fda997c3c65b0da51a818724db9bc8c7d7eb
NFIL3,NFIL3 TCR inhibition,meta:PMC10898977,PMC10898977,2121,08c6381fcc0c56579e211b7f5b8b98bfa0c3ce344599f1ff614f446f1b348a57
NFIL3,NFIL3 TCR inhibition,meta:PMC6802641,PMC6802641,1667,f97b0d90ba889743ffaad2048d2f3b9bbe4660ff7455201031aa0e949066df84
NFIL3,NFIL3 TCR inhibition,meta:PMC11962013,PMC11962013,3105,3919445df06bb620bdb36078b8b49e7a22d22eed35fc0978a23a0d309eb39ef3
NFIL3,NFIL3 TCR inhibition,meta:PMC11563780,PMC11563780,2299,a4a8bab56a616e1b4c9b2e386d201ca3ffe769281ca2ccb12dad6262164255f6
NFIL3,NFIL3 TCR inhibition,meta:PMC4144736,PMC4144736,825,29315ac980f70ecacbe912fa6975be62c636827436f0cb1ab3c0a253a948c8a8
NFIL3,NFIL3 TCR inhibition,meta:PMC10941009,PMC10941009,1994,96a8f01bc0c603fee9c3f716bfdc1991a6ed91e82ca538d05e66d189fabd298d
NFIL3,NFIL3 TCR inhibition,meta:PMC3865482,PMC3865482,813,68546b6e11caa57149f945c4c1d3ad5e8b505648f1948710797040b6967b97b8
NFIL3,NFIL3 TCR inhibition,meta:PMC10861811,PMC10861811,3381,280e57fe0d28b983d01fe446c65a2869fc216a92d9bd7b71c3342052207f9e5a
NFIL3,NFIL3 TCR inhibition,meta:PMC4144732,PMC4144732,972,16234bae75841b442d5a1f4d23a29b767cfefa5a4a237e2d8254d32d58af65be
NFIL3,NFIL3 TCR inhibition,meta:PMC11297963,PMC11297963,1907,684ae4360b3e3e5402fb8dcb5ab3f1e059c7f7dc3936382f5ba2e9e67e0ade4c
NR4A2,NR4A2 TCR inhibition,search_stdout,s_e7cc3d4c,5427,fb91c550c2f6cf846dab560256712db10e87a66a357cc1e0460bf9b667a4c919
NR4A2,NR4A2 TCR inhibition,meta:PMC11881746,PMC11881746,2377,882628507b755ea1a04642c1cb58030f582d188672eb9a15d03b11e7e049a551
NR4A2,NR4A2 TCR inhibition,meta:PMC7653457,PMC7653457,2013,24e7b936434d2826d250a51e59c55d635bdcf36f898080c556af8857d3eea629
NR4A2,NR4A2 TCR inhibition,meta:PMC12206217,PMC12206217,2545,a6c929fde0e63cddb2d38acefb1937ffa9e0c2c3b2ae8ce4314981363baa8f8c
NR4A2,NR4A2 TCR inhibition,meta:PMC7883379,PMC7883379,1323,eaa5f8ebc96f85a19ab4d86ae3c4b39ee9d98e57872c8a4b205cc907ef08dc9e
NR4A2,NR4A2 TCR inhibition,meta:PMC12527293,PMC12527293,2531,2c1207ad9a36121e971764f46368efcd0e442458ea362c74b4af32f177b0542a
NR4A2,NR4A2 TCR inhibition,meta:PMC12889511,PMC12889511,1877,75ea90b53dd46731a218f6b59325c8457abfebbdf29322cb89612494abda5478
NR4A2,NR4A2 TCR inhibition,meta:PMC11439235,PMC11439235,3156,2d94634893c5d3ce239a982ca8b899810efb487ac911cfcacaeb0e6d5bcc729d
NR4A2,NR4A2 TCR inhibition,meta:PMC4356985,PMC4356985,1391,743281c7da7712249c78608f0ca4801f75ad03207e0bae74c0da0db589a49b8b
NR4A2,NR4A2 TCR inhibition,meta:PMC11958660,PMC11958660,2090,574ff2017892707c25887d0ab98ac3934672086a7c7879de450e6c4740fd7736
NR4A2,NR4A2 TCR inhibition,meta:PMC6546093,PMC6546093,2399,d7e6b67bd18f74a56d8ee2379df739c7f8ae374f688e8d265d41a74af6849b84
PLAGL2,PLAGL2 TCR inhibition,search_stdout,s_fb652dcb,5558,2aaa5e61f81ee1543b0d44f9cf8ae1875a59104dc6d4c9bb04c9208ac5c2610d
PLAGL2,PLAGL2 TCR inhibition,meta:PMC10807918,PMC10807918,2337,72cb7478718c1f3b415d5ee8834ef6ffe92c645f0d6d83e3ebab1c5a20faba16
PLAGL2,PLAGL2 TCR inhibition,meta:PMC8978620,PMC8978620,1162,214021dd42bd63d6541babc2146bf946555c4950e21ab4dfed986d3b3a6f4db9
PLAGL2,PLAGL2 TCR inhibition,meta:PMC12260021,PMC12260021,4020,dd0809a64936fe68496a9f26c2e159ada378761df80b40f6d47ccafee1d2c692
PLAGL2,PLAGL2 TCR inhibition,meta:PMC4209802,PMC4209802,2097,9872160d8c25bd67ce6b8b8512085a424a72a63c86778471c47e9dd1e49aaed9
PLAGL2,PLAGL2 TCR inhibition,meta:PMC11148159,PMC11148159,1699,76f02a2175f08cd03a1e4ca20d028714dc01c19be657d6745749723706e4670e
PLAGL2,PLAGL2 TCR inhibition,meta:PMC8704919,PMC8704919,1224,488c7e939fd6d63f8f825e4d79f1de898919c51ab7d935352d32e683ba07b271
PLAGL2,PLAGL2 TCR inhibition,meta:PMC12485097,PMC12485097,2088,be68f32a2ae1b69ca628f0b322d70c0b0f7ac4ca8520c7d6b852ed76800dfab4
PLAGL2,PLAGL2 TCR inhibition,meta:PMC10287668,PMC10287668,2291,f16aa9e079cb078245485d492d991626757238e2b8743ec84ae4952478e997ff
PLAGL2,PLAGL2 TCR inhibition,meta:PMC11302460,PMC11302460,2380,cd8d6650933d3c79b817b9b1add9495c56f32f8f3e6050e3d1bfdca7d36227fc
PLAGL2,PLAGL2 TCR inhibition,meta:PMC10555889,PMC10555889,976,d493bf94f6a5140a4ec920a7886fd80764ed8f320eedc48abfbf57e4e131eba6
PRDM1,PRDM1 TCR inhibition,search_stdout,s_af1d2667,5118,44fd987220f01c59aeed4ae87d05ebc7602e2959ae3b523695028c2445662d44
PRDM1,PRDM1 TCR inhibition,meta:PMC12789010,PMC12789010,2286,b226f80b9bb6245ae9a5b1f43e6f2f8250944f32070781f9e3f063e70f4c2fee
PRDM1,PRDM1 TCR inhibition,meta:PMC11962401,PMC11962401,1222,31f8085eba3763db741ed1a20a726aecdfcc8148180e4190dee680eaf7a181ed
PRDM1,PRDM1 TCR inhibition,meta:PMC12067916,PMC12067916,3418,5c21102fe200a09e5ed9f57be46e3d0f2a919f6d0cf8d0484db63e3bf26f8069
PRDM1,PRDM1 TCR inhibition,meta:PMC11699622,PMC11699622,1776,6f7dc1769d0e85ac3e283579dad2cca49742c0115b652f126f4305caddacde1d
PRDM1,PRDM1 TCR inhibition,meta:PMC9097451,PMC9097451,2142,7ef2953baddd87c9fbb24034c1fba2c71aa0cb7b7bc92ce2888a33fe8ebe7271
PRDM1,PRDM1 TCR inhibition,meta:PMC11493826,PMC11493826,2359,9c4c17a42f2278081627bbd8f28a2b741f1e210377341dd33e7038aa446264a0
PRDM1,PRDM1 TCR inhibition,meta:PMC12212116,PMC12212116,1456,f2ced2730dc476653b4b5bf62607ae7e972cd0ad2efd45afc26c4b2f87337cc1
PRDM1,PRDM1 TCR inhibition,meta:PMC12717841,PMC12717841,1771,1dd4baf9bc07a4501060914d303aaa954a2d884549e110c169bd3ff19f82281c
PRDM1,PRDM1 TCR inhibition,meta:PMC9376159,PMC9376159,2182,f342412553233e4c26881614e449bc438d5da4fe677a64e59631b18517fce278
PRDM1,PRDM1 TCR inhibition,meta:PMC12490039,PMC12490039,2846,0c85241d9006a56c6ca09f0b713f29065d17d12c601f98be70ab3b854e862a20
RBPJ,RBPJ TCR inhibition,search_stdout,s_c6403650,5369,ce3a74d9ecc9e3f30c592575ff26e1a17c837dc6eb71a6dd6b091d92578a92e6
RBPJ,RBPJ TCR inhibition,meta:PMC11441141,PMC11441141,3004,b31cb67f39e7047b496dfe5feb278fcaabe67e1d7617005434efcfe1012c3067
RBPJ,RBPJ TCR inhibition,meta:PMC9371899,PMC9371899,2023,4293c702f3582b57e0dbd9d79463fc33e1fe77b61271d5881eb4e2384bce51a6
RBPJ,RBPJ TCR inhibition,meta:PMC12068301,PMC12068301,2221,3e84b6636af702d52e76f841312bf214903d4e4d70261c904de3fa2df8ac1237
RBPJ,RBPJ TCR inhibition,meta:PMC9887061,PMC9887061,2004,cfdaa9df73b1dee17a780b053b06de4c1d9e47159eb57194b31efd37de7522c2
RBPJ,RBPJ TCR inhibition,meta:PMC11787368,PMC11787368,1880,ecbda7c6c5cd7e26ee2d531caa9786086fb86f63371e4ee3128680abd649425c
RBPJ,RBPJ TCR inhibition,meta:PMC6453958,PMC6453958,1866,f4d19784b65cfea44182c32f1d4d8f0fe6af6745152993df8d670389a5719826
RBPJ,RBPJ TCR inhibition,meta:PMC11985660,PMC11985660,3052,cd0caeb748542f781c2a0a0145b1cf711a729ebce348db70ecfe044f7ab2877c
RBPJ,RBPJ TCR inhibition,meta:PMC6858571,PMC6858571,1509,3fd59e7a3d148f64e49cd62ee7684af58ad5962ac22a4f1302e433574192139b
RBPJ,RBPJ TCR inhibition,meta:PMC12569315,PMC12569315,2806,fe2eb41f8b1ecec25bfb73ca5d1dd75b956f8ce40c8c96dad1608876752f8a08
RBPJ,RBPJ TCR inhibition,meta:PMC4291530,PMC4291530,1066,f8ad7850d4b472710db8bdab9eb088fe0bf798bd6b6817236712822c69a72f59
SMAP2,SMAP2 TCR inhibition,search_stdout,s_dcf19dcf,5373,aa58964d8801edb62035ee27a7cb55099650d4d83263ad026f88f6a5a5ff3f2c
SMAP2,SMAP2 TCR inhibition,meta:PMC11106232,PMC11106232,2051,cee3cd3a7b98a45cfed087ab4e0a501c967e6e914b2a0c6f633e0af50018ab6e
SMAP2,SMAP2 TCR inhibition,meta:PMC3842781,PMC3842781,2156,192cb486be1c6dac1fa95874107364b8e633e31e42cf16cf8b4d32b503cb0b77
SMAP2,SMAP2 TCR inhibition,meta:PMC11237943,PMC11237943,2658,ef2b0971d60bede09b7647342f727212b14aa9cf139297173a4810e66570b283
SMAP2,SMAP2 TCR inhibition,meta:PMC2196323,PMC2196323,1660,9e3f26060d9aaf221ffe68650fc3f9961198196ea7bf3f85a1cea34ed81db1cd
SMAP2,SMAP2 TCR inhibition,meta:PMC12346228,PMC12346228,2249,ba00994753d57c1ddb2974e1e7bd4944c1ccd9c546523991180552ffe0dfe12a
SMAP2,SMAP2 TCR inhibition,meta:PMC10555889,PMC10555889,976,d493bf94f6a5140a4ec920a7886fd80764ed8f320eedc48abfbf57e4e131eba6
SMAP2,SMAP2 TCR inhibition,meta:PMC11014665,PMC11014665,2299,8e6f2bea172ade3f2fdef67698f8f9a5e32ed30ef9bbf3047c7c340bfdd4aad3
SMAP2,SMAP2 TCR inhibition,meta:PMC8124730,PMC8124730,1668,a4d6b4bc918767f0c0d5c76a10191587b77b85c63f0692560e7bf57903f821eb
SMAP2,SMAP2 TCR inhibition,meta:PMC12261488,PMC12261488,1910,e306ecec769efec35a6b937270f0b2d49bd7d7495f63ea3d1bf6db9e6bab1a64
SMAP2,SMAP2 TCR inhibition,meta:PMC2195826,PMC2195826,1917,81d929783c0032f7ce88497aaf313cb4caf3b45a626ad5056994229b78c2368d
SNAPC4,SNAPC4 TCR inhibition,search_stdout,s_5961fb77,5463,a735580d7bb8d55cf522719cd16eacd3bd7bab054cb0f1ae48e971c7dcfbce77
SNAPC4,SNAPC4 TCR inhibition,meta:PMC11237943,PMC11237943,2658,ef2b0971d60bede09b7647342f727212b14aa9cf139297173a4810e66570b283
SNAPC4,SNAPC4 TCR inhibition,meta:PMC4209802,PMC4209802,2097,9872160d8c25bd67ce6b8b8512085a424a72a63c86778471c47e9dd1e49aaed9
SNAPC4,SNAPC4 TCR inhibition,meta:PMC12346228,PMC12346228,2249,ba00994753d57c1ddb2974e1e7bd4944c1ccd9c546523991180552ffe0dfe12a
SNAPC4,SNAPC4 TCR inhibition,meta:PMC8704919,PMC8704919,1224,488c7e939fd6d63f8f825e4d79f1de898919c51ab7d935352d32e683ba07b271
SNAPC4,SNAPC4 TCR inhibition,meta:PMC11014665,PMC11014665,2299,8e6f2bea172ade3f2fdef67698f8f9a5e32ed30ef9bbf3047c7c340bfdd4aad3
SNAPC4,SNAPC4 TCR inhibition,meta:PMC8978620,PMC8978620,1162,214021dd42bd63d6541babc2146bf946555c4950e21ab4dfed986d3b3a6f4db9
SNAPC4,SNAPC4 TCR inhibition,meta:PMC12261488,PMC12261488,1910,e306ecec769efec35a6b937270f0b2d49bd7d7495f63ea3d1bf6db9e6bab1a64
SNAPC4,SNAPC4 TCR inhibition,meta:PMC7860602,PMC7860602,2268,04d2317f8df8dcca6a0fc51a15f1741b3bd73617fc964daa0760af6de1b8d395
SNAPC4,SNAPC4 TCR inhibition,meta:PMC11302870,PMC11302870,2052,51d16b8af871864dc6cc5c43ab626715e0a8bbae5d9ae70676cc8df57d70af15
SNAPC4,SNAPC4 TCR inhibition,meta:PMC4803589,PMC4803589,1415,72a4c5a1be6c710694dd7e6ec82f167d056c88984a4ee5e68c1fb7526741bfff
SRP9,SRP9 TCR inhibition,search_stdout,s_e2d1a666,5356,ab710f17cf07c4e23be5a3ed2366aa79f6aa1a35acb93b3da4ce7fb5583661c6
SRP9,SRP9 TCR inhibition,meta:PMC11581171,PMC11581171,1478,fc7af1cff063f64c75f59f5b76cd8ee64a144e4d83863c5465d965b994a9a6f3
SRP9,SRP9 TCR inhibition,meta:PMC4209802,PMC4209802,2097,9872160d8c25bd67ce6b8b8512085a424a72a63c86778471c47e9dd1e49aaed9
SRP9,SRP9 TCR inhibition,meta:PMC11237943,PMC11237943,2658,ef2b0971d60bede09b7647342f727212b14aa9cf139297173a4810e66570b283
SRP9,SRP9 TCR inhibition,meta:PMC2191028,PMC2191028,1743,254553d232cc874c209756d1d6e551d40b91cf9085616bf0c88d814d929b3562
SRP9,SRP9 TCR inhibition,meta:PMC12346228,PMC12346228,2249,ba00994753d57c1ddb2974e1e7bd4944c1ccd9c546523991180552ffe0dfe12a
SRP9,SRP9 TCR inhibition,meta:PMC7860602,PMC7860602,2268,04d2317f8df8dcca6a0fc51a15f1741b3bd73617fc964daa0760af6de1b8d395
SRP9,SRP9 TCR inhibition,meta:PMC11014665,PMC11014665,2299,8e6f2bea172ade3f2fdef67698f8f9a5e32ed30ef9bbf3047c7c340bfdd4aad3
SRP9,SRP9 TCR inhibition,meta:PMC3887192,PMC3887192,1445,dce961d3c67e3d81295f2dec58163d593ccc94dd0198b5f8678dfac26be31241
SRP9,SRP9 TCR inhibition,meta:PMC12261488,PMC12261488,1910,e306ecec769efec35a6b937270f0b2d49bd7d7495f63ea3d1bf6db9e6bab1a64
SRP9,SRP9 TCR inhibition,meta:PMC6773850,PMC6773850,1908,272d6fa672a8de46e3f01311554d6507148b452279a217696c3aec202481a9c4
STAT1,STAT1 TCR inhibition,search_stdout,s_7755af2e,5381,1413653803a55a4df836e1997abaf84fc35e82879fac6e9774e00e8010254557
STAT1,STAT1 TCR inhibition,meta:PMC10944115,PMC10944115,2375,8a5b4b463707649a03829493db139104b0ba44a19edb7db6d8f6345ea6ce30da
STAT1,STAT1 TCR inhibition,meta:PMC10849914,PMC10849914,1019,2f145c5ee4912e00332f4f0007ba4ab8409b579fa1bb87509088069caab38a4f
STAT1,STAT1 TCR inhibition,meta:PMC11242346,PMC11242346,2283,c6e32a85480a2cd0c87eb7467d854a6a386d564ce22999c3e563e1fb8d0a9682
STAT1,STAT1 TCR inhibition,meta:PMC5079630,PMC5079630,2591,a0a48a188b8ceb58a842844243581f5eb2830db5a393d870d1932be3ebb68c4f
STAT1,STAT1 TCR inhibition,meta:PMC11678167,PMC11678167,2456,bb7a099f82ab8ad0464b497af27c0a88802c353dd764b672bc7afd07517d8e7f
STAT1,STAT1 TCR inhibition,meta:PMC11046697,PMC11046697,1867,8799f1d08bb53d41bfdcce0f02d5b8eb4380c434efe6af6d3442455fc39d9795
STAT1,STAT1 TCR inhibition,meta:PMC12509220,PMC12509220,1783,67af4df5b1ec99dc033bde64b1faee6c6dc1fc921ae5ef028dc80d3b56ba13ce
STAT1,STAT1 TCR inhibition,meta:PMC5698428,PMC5698428,1561,d869c3f05d7ad827d7c50d2918067f8a42b501106300d79632f9b684bec7ca27
STAT1,STAT1 TCR inhibition,meta:PMC12506346,PMC12506346,2943,e7553befbd9aad5040524aabf4fa41a8820362fbcc6e25506e49af31f44f1afa
STAT1,STAT1 TCR inhibition,meta:PMC1770918,PMC1770918,2029,38965bf988e7a80131e127dbff33741376a46c730b7de404844091a8007920a2
STAT4,STAT4 TCR inhibition,search_stdout,s_17316c8c,5314,3f9e90ca96a4dd3d4e6e352e53b625e52c4c6e14b6ccd3175595cbfb9cb549e0
STAT4,STAT4 TCR inhibition,meta:PMC12087874,PMC12087874,1920,ad4682d9aa64669f2718c0bd7173587fc3511fe05f55a138b7c7c3c2e1e5f8d1
STAT4,STAT4 TCR inhibition,meta:PMC10849914,PMC10849914,1019,2f145c5ee4912e00332f4f0007ba4ab8409b579fa1bb87509088069caab38a4f
STAT4,STAT4 TCR inhibition,meta:PMC11989168,PMC11989168,2940,648e5ae21d92cab8263627da5844723809b119771fdafa6fa2b56f4789105985
STAT4,STAT4 TCR inhibition,meta:PMC2196089,PMC2196089,1628,ff55eded5fb3fba58744b084181e4724a5d9d1b526a8e88b946414bdce141719
STAT4,STAT4 TCR inhibition,meta:PMC11578735,PMC11578735,1509,aa1ff6670bcdc460c96e36402ed556693993f9ff6baa225342075a92a0c8c4f7
STAT4,STAT4 TCR inhibition,meta:PMC2195871,PMC2195871,2182,28a7990f5c07de07b631cb13f8a03d895ed68f1ad646712463105962efcecc8a
STAT4,STAT4 TCR inhibition,meta:PMC11432593,PMC11432593,2749,5b78b30e8545bd9b1ac8169f96e2d65777782174437a4cf23b82fe7ebe17ad7c
STAT4,STAT4 TCR inhibition,meta:PMC2195684,PMC2195684,2240,4bd394ec3b135d24de900a9a783e12ff2d1c48b073bef849f14bc5f7fff026df
STAT4,STAT4 TCR inhibition,meta:PMC11391519,PMC11391519,1887,aa57307e7f345510fdfc4f670b1f9b0e83686828c785075b5caaec0689d6e7d9
STAT4,STAT4 TCR inhibition,meta:PMC7178138,PMC7178138,2338,c5aeb040705d54b58ecc19529854ef061221b1b66b367cd81b8adcc53b395d49
STAT5B,STAT5B TCR inhibition,search_stdout,s_c1d2187f,5406,13a357887e63cfa707135884c63da98bd2fd257f11d8d22a26a0dad8efc0d7f9
STAT5B,STAT5B TCR inhibition,meta:PMC11722272,PMC11722272,2147,ed1b5a2a5aecd526a9f52e83bb80bc338daab3f6b34151346db7fbd63ffdbad8
STAT5B,STAT5B TCR inhibition,meta:PMC11229983,PMC11229983,2600,a8c7e24fe0c549aed5744496175ce1fc59e2dc655a6e07f1bd0f941dc1520b25
STAT5B,STAT5B TCR inhibition,meta:PMC2196089,PMC2196089,1628,ff55eded5fb3fba58744b084181e4724a5d9d1b526a8e88b946414bdce141719
STAT5B,STAT5B TCR inhibition,meta:PMC12346846,PMC12346846,2393,471cf32c8818571107cfdb27f91a6fb145264934403524a2d2980d68f8955ff0
STAT5B,STAT5B TCR inhibition,meta:PMC11014662,PMC11014662,2761,e3efd964ab22e3fce56821e88371685f5062a2393422db47bac14dc36bee6b8d
STAT5B,STAT5B TCR inhibition,meta:PMC11670306,PMC11670306,2568,dfe482164cfae089b5011527ba1c0aa82c5109fad378ae6da5b1a1588debeecf
STAT5B,STAT5B TCR inhibition,meta:PMC11349758,PMC11349758,1789,2734f4afb055c49363efdd2be194abaeb3776f58958266e62dba2ad4eab6a1fd
STAT5B,STAT5B TCR inhibition,meta:PMC11316036,PMC11316036,2054,b740b3f16a5c3a96cd92dcc5645576b3946dc3391d4dee04b054e60bfe947887
STAT5B,STAT5B TCR inhibition,meta:PMC5749501,PMC5749501,2189,f0997cacf28224bc47cb705453d815cc33651174d85147dac251363792d00da0
STAT5B,STAT5B TCR inhibition,meta:PMC12694592,PMC12694592,2111,f8108561a74979c4b7216648b6fea4d5384ecc0ad55ac15d886090623df361c4
STAU2,STAU2 TCR inhibition,search_stdout,s_6b9b0852,5557,1740dc8d41ea7d5019025847cf9b213a9d5513db7ab582adbb082cb27ae3f4b7
STAU2,STAU2 TCR inhibition,meta:PMC11401396,PMC11401396,2368,daa77f6cf10bace716f8634fe345c7c1e91e7f85177c336b8cf6c6bbad297190
STAU2,STAU2 TCR inhibition,meta:PMC9266326,PMC9266326,1943,8b77d9cca4f03ba28ab59627c60958eba1c89eafc5c96379c99ad1c6058ae192
STAU2,STAU2 TCR inhibition,meta:PMC12412546,PMC12412546,2173,434adfa4cb5bbb8c0a649b6988b383ca191e4b4ba1faafc4dc5bc2507e3ff543
STAU2,STAU2 TCR inhibition,meta:PMC8745428,PMC8745428,1729,d3286b05db2fe9d65b7c13999044a8dbd7093e448a24f16296ef4979d2c55b58
STAU2,STAU2 TCR inhibition,meta:PMC11971302,PMC11971302,2299,f0699b941ea8e13c025fc0a6bdaa8da416d6cb35f54d84cd12eeb7f3b4ac2d25
STAU2,STAU2 TCR inhibition,meta:PMC7551455,PMC7551455,1917,6c030c1186f49d3efc26f868aec7a5b5ac69e48839eed2995b3a0fe65c719db8
STAU2,STAU2 TCR inhibition,meta:PMC11237943,PMC11237943,2658,ef2b0971d60bede09b7647342f727212b14aa9cf139297173a4810e66570b283
STAU2,STAU2 TCR inhibition,meta:PMC8629789,PMC8629789,2088,f1c6d10ce39346e97811d938cd30ddc81b3b61bcc7c41915f8eba73fce3bdff0
STAU2,STAU2 TCR inhibition,meta:PMC12346228,PMC12346228,2249,ba00994753d57c1ddb2974e1e7bd4944c1ccd9c546523991180552ffe0dfe12a
STAU2,STAU2 TCR inhibition,meta:PMC7934504,PMC7934504,3122,027b623f054b532f866fc35280f2704521d6abb6abefa2c317d266755c0d9751
TFDP1,TFDP1 TCR inhibition,search_stdout,s_51788a65,5277,643af67968c2d52ad75e49af4c98edb6cfc152e1ddaad9a046d57af529b3fb6a
TFDP1,TFDP1 TCR inhibition,meta:PMC11347378,PMC11347378,1795,cdcbb36e4e3d8d9139bee264e31dbaf52f5b4a5186d875dac89aee78eed07f47
TFDP1,TFDP1 TCR inhibition,meta:PMC12740773,PMC12740773,2801,77dc5eb3a3d488a4440e91de1b311abf6a4b9a5f624c01798faa01d22870af2a
TFDP1,TFDP1 TCR inhibition,meta:PMC5352064,PMC5352064,2093,1dccf4782267abc98820cbecc913bfb9a05b4fc11a04a41b71f2da2cc6d22ce2
TFDP1,TFDP1 TCR inhibition,meta:PMC5256886,PMC5256886,5483,e76c570fbce6e201480609599c16ac5335efa7586fd51b49b8ee992e2ddf272b
TFDP1,TFDP1 TCR inhibition,meta:PMC11637825,PMC11637825,2665,fd0d5640a8760eeefc1ef4297ce0aeb78317df94c1d72568c6f3e2ad373bdc69
TFDP1,TFDP1 TCR inhibition,meta:PMC8564135,PMC8564135,1732,b85c7e771319c7c126170fba32f63977911411ad94615a8192fabcd1799d4bd6
TFDP1,TFDP1 TCR inhibition,meta:PMC11237943,PMC11237943,2658,ef2b0971d60bede09b7647342f727212b14aa9cf139297173a4810e66570b283
TFDP1,TFDP1 TCR inhibition,meta:PMC5552311,PMC5552311,2959,194b55ab1a77bef90c255bcfbed43b72ec95b41f649cc02f22ca16cc5b908020
TFDP1,TFDP1 TCR inhibition,meta:PMC12346228,PMC12346228,2249,ba00994753d57c1ddb2974e1e7bd4944c1ccd9c546523991180552ffe0dfe12a
TFDP1,TFDP1 TCR inhibition,meta:PMC6147432,PMC6147432,3136,f41cd1ac02bd563bc42718c3502f41e62ff6ecf3d5ac4d46abfb797d10c5663b
TGIF1,TGIF1 TCR inhibition,search_stdout,s_3530062a,5249,885262f28db9bb3c27810f84fc27f3a96c1556b1c2b1d374fab44c62e856b902
TGIF1,TGIF1 TCR inhibition,meta:PMC11751904,PMC11751904,2423,a1f1ae0eafa5fd624074523c4d30fc8b8cf3fdfc58e8b8bebb7ecdcad79b8ef7
TGIF1,TGIF1 TCR inhibition,meta:PMC2816958,PMC2816958,1870,51075c87b977317f934b2672f394623c1552777095116b933a2b52639df90d05
TGIF1,TGIF1 TCR inhibition,meta:PMC11045221,PMC11045221,1707,6695f689130664226280ccb7443573d75b6f1dc177ff556f635bc7a8a22d5758
TGIF1,TGIF1 TCR inhibition,meta:PMC7987261,PMC7987261,1995,696bcfe77fe32b0d03c1f238b590b1feaff0633fe4c3b518d8e4289fae19e063
TGIF1,TGIF1 TCR inhibition,meta:PMC12037246,PMC12037246,2938,ebe2f84b75981df53ddca7bb427280ffd6170d6631720ae8f04c7b2508131820
TGIF1,TGIF1 TCR inhibition,meta:PMC6446543,PMC6446543,1139,a5ce4764abe4b7c5884096a3cba5b4368f861a42f7eab95daf3cc79085acfc27
TGIF1,TGIF1 TCR inhibition,meta:PMC11237943,PMC11237943,2658,ef2b0971d60bede09b7647342f727212b14aa9cf139297173a4810e66570b283
TGIF1,TGIF1 TCR inhibition,meta:PMC5754828,PMC5754828,1960,f312228ee23590344d0ecf7f72d54199165b7c2c836bb42c5f6358eea362c04f
TGIF1,TGIF1 TCR inhibition,meta:PMC12346228,PMC12346228,2249,ba00994753d57c1ddb2974e1e7bd4944c1ccd9c546523991180552ffe0dfe12a
TGIF1,TGIF1 TCR inhibition,meta:PMC3325954,PMC3325954,2741,8e82f9b3ab3f29da9391f3b437da70d10e37d413ee244f0e4b86f28cd1a4dbae
TRAF4,TRAF4 TCR inhibition,search_stdout,s_760f6370,5246,df6f26e3555f3436b58aea36543a7d98b6035861041b5bcf3bf83c8497fc3cec
TRAF4,TRAF4 TCR inhibition,meta:PMC10750280,PMC10750280,1662,2a027131b71a9918045a2a942cd8a66e4fd793345d0a91ac0ce01df47f1d6d51
TRAF4,TRAF4 TCR inhibition,meta:PMC4209802,PMC4209802,2097,9872160d8c25bd67ce6b8b8512085a424a72a63c86778471c47e9dd1e49aaed9
TRAF4,TRAF4 TCR inhibition,meta:PMC11787431,PMC11787431,2520,46d23fda9fa20371ef0693d4001806b490f44015c9812d19b4335ef6b533ffa4
TRAF4,TRAF4 TCR inhibition,meta:PMC5437045,PMC5437045,1636,dda12194435b07ceb6e714a0ce9a8db232253b4bedcbb345a713795b5aa64bf1
TRAF4,TRAF4 TCR inhibition,meta:PMC10966530,PMC10966530,1985,614b3cbf00013002440484fc571b0ced0b2744241ca814bd89985dbf492ae7fd
TRAF4,TRAF4 TCR inhibition,meta:PMC2196328,PMC2196328,1406,e060ded8f3ea44894f742bf3540a7f985225974ed9b48e73279992c376340550
TRAF4,TRAF4 TCR inhibition,meta:PMC11732567,PMC11732567,1171,4444d1a6658f08fe27f9cd03f8d49220b22ac412880ae354d00118040cdf55a8
TRAF4,TRAF4 TCR inhibition,meta:PMC10083865,PMC10083865,2415,620d46da8ca69e8a214059f235e8a13a3e81c696b86cd741478035631ea30863
TRAF4,TRAF4 TCR inhibition,meta:PMC11831473,PMC11831473,2370,a76d171c92235ed2556f5045eb5525b5b189f702e6bb2750a44c4bc89ea8d82d
TRAF4,TRAF4 TCR inhibition,meta:PMC2193385,PMC2193385,1765,a8dae3d509ec1f588e3a2e9ba51afcb47da836741671502e1e3970170c9f467f
ZBTB32,ZBTB32 TCR inhibition,search_stdout,s_9a90f7eb,5498,e1fd4b871fde3bd16a096cad4e34b6ace3d5b8a5738dea3a6a3d41dc670abadb
ZBTB32,ZBTB32 TCR inhibition,meta:PMC11237943,PMC11237943,2658,ef2b0971d60bede09b7647342f727212b14aa9cf139297173a4810e66570b283
ZBTB32,ZBTB32 TCR inhibition,meta:PMC5578684,PMC5578684,2855,45b53c9fe2bafc325764ec00c1cf11abeeb1d238b11a9299c8f7a1fba64684bb
ZBTB32,ZBTB32 TCR inhibition,meta:PMC12346228,PMC12346228,2249,ba00994753d57c1ddb2974e1e7bd4944c1ccd9c546523991180552ffe0dfe12a
ZBTB32,ZBTB32 TCR inhibition,meta:PMC4503983,PMC4503983,1824,6db003ebaac49233e6f08fe9a47bf6821460fa837ab400a4cbbd8aa4c19c0923
ZBTB32,ZBTB32 TCR inhibition,meta:PMC11014665,PMC11014665,2299,8e6f2bea172ade3f2fdef67698f8f9a5e32ed30ef9bbf3047c7c340bfdd4aad3
ZBTB32,ZBTB32 TCR inhibition,meta:PMC8326903,PMC8326903,1977,e8bf18384425136486d6debad3b97d501903134784d99b99c190e0942bc3a01e
ZBTB32,ZBTB32 TCR inhibition,meta:PMC12261488,PMC12261488,1910,e306ecec769efec35a6b937270f0b2d49bd7d7495f63ea3d1bf6db9e6bab1a64
ZBTB32,ZBTB32 TCR inhibition,meta:PMC7479152,PMC7479152,1582,2ce55d7c4f84b3734b3fe0f1326817a437fc963f1655c9893900daecca0292a8
ZBTB32,ZBTB32 TCR inhibition,meta:PMC11302870,PMC11302870,2052,51d16b8af871864dc6cc5c43ab626715e0a8bbae5d9ae70676cc8df57d70af15
ZBTB32,ZBTB32 TCR inhibition,meta:PMC7860602,PMC7860602,2268,04d2317f8df8dcca6a0fc51a15f1741b3bd73617fc964daa0760af6de1b8d395
ZEB2,ZEB2 TCR inhibition,search_stdout,s_08089a90,5342,eacf7043b79fd4416c87eca000089dcca261a8a4586446a950c15d42e07501e3
ZEB2,ZEB2 TCR inhibition,meta:PMC11927373,PMC11927373,1720,ad6c34368e2461ceb6aa27da7093b8edef605883dda2d05cbf315bd9ef529b46
ZEB2,ZEB2 TCR inhibition,meta:PMC12594841,PMC12594841,2227,699f4596dc7e8d825cbe264a77f903fb8476e7044bd872bd2e9025d22e1fa3d8
ZEB2,ZEB2 TCR inhibition,meta:PMC12583797,PMC12583797,2052,02ab312768496a27c4a434e26e748f6f6bdec73af720f964125f75e2051ef985
ZEB2,ZEB2 TCR inhibition,meta:PMC4647262,PMC4647262,1067,2024b20c035178eaf1bd35d0d149e9489e2c23d6443ef9cdbd9cfc3ce994a35f
ZEB2,ZEB2 TCR inhibition,meta:PMC11736883,PMC11736883,2385,0a720cfecbaabec8bdefaa024778f3cf3d837edcfa9292aa3fab70e9e0222926
ZEB2,ZEB2 TCR inhibition,meta:PMC5881466,PMC5881466,1050,87819ee7a60029a2477626746d1a5ade40d5e6c8cf36bc71cc1b2eae3e471275
ZEB2,ZEB2 TCR inhibition,meta:PMC11607827,PMC11607827,2804,f9e85b7c8cbcf85160ef8ed24a9218093db2ca7bcdac335453700e03778aa227
ZEB2,ZEB2 TCR inhibition,meta:PMC4209802,PMC4209802,2097,9872160d8c25bd67ce6b8b8512085a424a72a63c86778471c47e9dd1e49aaed9
ZEB2,ZEB2 TCR inhibition,meta:PMC12456470,PMC12456470,2599,65b596cdb0194877c1f6f021fc51cba476d08c33d738b2094dc3ebc49cc3888f
ZEB2,ZEB2 TCR inhibition,meta:PMC8978620,PMC8978620,1162,214021dd42bd63d6541babc2146bf946555c4950e21ab4dfed986d3b3a6f4db9
ZNF121,ZNF121 TCR inhibition,search_stdout,s_84d89fc3,5779,c1c8daab15cea3e589764a696cab4cac93ae59a9c8c7e53263d176a8e3473793
ZNF121,ZNF121 TCR inhibition,meta:PMC11237943,PMC11237943,2658,ef2b0971d60bede09b7647342f727212b14aa9cf139297173a4810e66570b283
ZNF121,ZNF121 TCR inhibition,meta:PMC4209802,PMC4209802,2097,9872160d8c25bd67ce6b8b8512085a424a72a63c86778471c47e9dd1e49aaed9
ZNF121,ZNF121 TCR inhibition,meta:PMC12346228,PMC12346228,2249,ba00994753d57c1ddb2974e1e7bd4944c1ccd9c546523991180552ffe0dfe12a
ZNF121,ZNF121 TCR inhibition,meta:PMC13148917,PMC13148917,126,69f8c0fd86cb50ab89192489af81614e3c93841e2e607b2a5af4d9f4fab67bee
ZNF121,ZNF121 TCR inhibition,meta:PMC11014665,PMC11014665,2299,8e6f2bea172ade3f2fdef67698f8f9a5e32ed30ef9bbf3047c7c340bfdd4aad3
ZNF121,ZNF121 TCR inhibition,meta:PMC5363317,PMC5363317,1810,e706d67bdf42ef42ad3267451d659cbacc69fbc782f0ca9451e5ba33f2c95d3c
ZNF121,ZNF121 TCR inhibition,meta:PMC12261488,PMC12261488,1910,e306ecec769efec35a6b937270f0b2d49bd7d7495f63ea3d1bf6db9e6bab1a64
ZNF121,ZNF121 TCR inhibition,meta:PMC8978620,PMC8978620,1162,214021dd42bd63d6541babc2146bf946555c4950e21ab4dfed986d3b3a6f4db9
ZNF121,ZNF121 TCR inhibition,meta:PMC11302870,PMC11302870,2052,51d16b8af871864dc6cc5c43ab626715e0a8bbae5d9ae70676cc8df57d70af15
ZNF121,ZNF121 TCR inhibition,meta:PMC12934713,PMC12934713,2461,27b9150a3f24b37c44d3aa55c43de4863a29dcd493cd62902960a8e746bb5929
ZNF706,ZNF706 TCR inhibition,search_stdout,s_acd5a4d4,5388,522fe575f669bbde16a036003809372ead19d632f1b9b65ff24f83d3faba6ecf
ZNF706,ZNF706 TCR inhibition,meta:PMC11445280,PMC11445280,2057,3583b23872019e4d41baa60b709866475b519c6577a0d7356b25410eae377713
ZNF706,ZNF706 TCR inhibition,meta:PMC4209802,PMC4209802,2097,9872160d8c25bd67ce6b8b8512085a424a72a63c86778471c47e9dd1e49aaed9
ZNF706,ZNF706 TCR inhibition,meta:PMC11237943,PMC11237943,2658,ef2b0971d60bede09b7647342f727212b14aa9cf139297173a4810e66570b283
ZNF706,ZNF706 TCR inhibition,meta:PMC7860602,PMC7860602,2268,04d2317f8df8dcca6a0fc51a15f1741b3bd73617fc964daa0760af6de1b8d395
ZNF706,ZNF706 TCR inhibition,meta:PMC12346228,PMC12346228,2249,ba00994753d57c1ddb2974e1e7bd4944c1ccd9c546523991180552ffe0dfe12a
ZNF706,ZNF706 TCR inhibition,meta:PMC8978620,PMC8978620,1162,214021dd42bd63d6541babc2146bf946555c4950e21ab4dfed986d3b3a6f4db9
ZNF706,ZNF706 TCR inhibition,meta:PMC11014665,PMC11014665,2299,8e6f2bea172ade3f2fdef67698f8f9a5e32ed30ef9bbf3047c7c340bfdd4aad3
ZNF706,ZNF706 TCR inhibition,meta:PMC8704919,PMC8704919,1224,488c7e939fd6d63f8f825e4d79f1de898919c51ab7d935352d32e683ba07b271
ZNF706,ZNF706 TCR inhibition,meta:PMC12261488,PMC12261488,1910,e306ecec769efec35a6b937270f0b2d49bd7d7495f63ea3d1bf6db9e6bab1a64
ZNF706,ZNF706 TCR inhibition,meta:PMC4503983,PMC4503983,1824,6db003ebaac49233e6f08fe9a47bf6821460fa837ab400a4cbbd8aa4c19c0923
